DATE,GAME_ID,TEAM,OPPONENT,PTS,FGA,FTA,TO,FTM,REB,AST,STL,BLK,3PA,3PM,BSN_ID,GAME_URL,HOMEAWAY,POSS,OPP_PTS,OPP_POSS,ORTG_GAME,DRTG_GAME,NET_GAME,TEAM_GAME_NUM,PTS_L5,POSS_L5,OPP_PTS_L5,OPP_POSS_L5,ORTG_L5,DRTG_L5,NET_L5
2026-03-22,2,Atleticos,Osos,99,59,24,16,17,26,24,8,0,20,12,85f9c415-11ad-11f1-8147-995a265266fc,https://www.bsnpr.com/partidos/85f9c415-11ad-11f1-8147-995a265266fc,0,85.56,92,90.16,115.70827489481066,102.04081632653062,13.66745856828004,1,99.0,85.56,92.0,90.16,115.70827489481066,102.04081632653062,13.66745856828004
2026-03-25,5,Atleticos,Leones,90,73,22,12,14,47,24,10,1,14,4,86227eb0-11ad-11f1-8614-45a14c464e3d,https://www.bsnpr.com/partidos/86227eb0-11ad-11f1-8614-45a14c464e3d,0,94.68,80,83.12,95.05703422053232,96.24639076034649,-1.1893565398141703,2,189.0,180.24,172.0,173.28,104.86018641810918,99.26131117266851,5.5988752454406665
2026-03-28,10,Atleticos,Indios,93,65,27,7,20,41,22,8,1,11,5,85fbab5a-11ad-11f1-a6fa-ffcdd9747cbf,https://www.bsnpr.com/partidos/85fbab5a-11ad-11f1-a6fa-ffcdd9747cbf,1,83.88,72,80.32,110.87267525035766,89.64143426294821,21.23124098740945,3,282.0,264.12,244.0,253.6,106.76965015901862,96.21451104100946,10.555139118009166
2026-03-30,13,Atleticos,Piratas,76,74,10,10,8,42,18,10,2,26,6,862dcdf9-11ad-11f1-b539-31430745bf20,https://www.bsnpr.com/partidos/862dcdf9-11ad-11f1-b539-31430745bf20,1,88.4,73,83.16,85.97285067873302,87.78258778258778,-1.8097371038547578,4,358.0,352.52,317.0,336.76,101.5545217292636,94.13231975293978,7.422201976323819
2026-04-01,17,Atleticos,Mets,80,65,20,13,17,41,14,5,1,10,1,8624e6ab-11ad-11f1-b7b1-e3311ea6ecd4,https://www.bsnpr.com/partidos/8624e6ab-11ad-11f1-b7b1-e3311ea6ecd4,0,86.8,77,85.36,92.16589861751153,90.20618556701031,1.9597130505012217,5,438.0,439.32,394.0,422.12,99.69953564599837,93.33838718847721,6.361148457521153
2026-04-04,26,Atleticos,Gigantes,97,88,17,13,11,45,18,8,3,24,4,862abd00-11ad-11f1-bd8b-fb1baaa297fd,https://www.bsnpr.com/partidos/862abd00-11ad-11f1-bd8b-fb1baaa297fd,1,108.48,104,95.28,89.41740412979351,109.151973131822,-19.734569002028493,6,436.0,462.24,406.0,427.24,94.32329525787469,95.02855537870985,-0.7052601208351632
2026-04-07,32,Atleticos,Cangrejeros,88,72,27,10,15,36,25,6,3,21,7,8670084c-11ad-11f1-894e-1de1a4c7b1f5,https://www.bsnpr.com/partidos/8670084c-11ad-11f1-894e-1de1a4c7b1f5,0,93.88,97,89.12,93.73668512995313,108.84201077199282,-15.105325642039688,7,434.0,461.44,423.0,433.24,94.05339805825243,97.63641399686087,-3.5830159386084404
2026-04-09,37,Atleticos,Mets,97,66,11,7,7,32,30,4,4,33,16,862a582f-11ad-11f1-a1ed-71059c049357,https://www.bsnpr.com/partidos/862a582f-11ad-11f1-a1ed-71059c049357,1,77.84,71,77.84,124.61459403905447,91.21274409044193,33.401849948612536,8,438.0,455.4,422.0,430.76,96.17918313570487,97.96638499396416,-1.7872018582592801
2026-04-17,52,Atleticos,Indios,86,63,19,15,17,31,20,5,0,27,13,863b0bb0-11ad-11f1-a937-612cd40bc2cc,https://www.bsnpr.com/partidos/863b0bb0-11ad-11f1-a937-612cd40bc2cc,0,86.36,100,90.76,99.58314034275128,110.18069634200087,-10.597555999249593,9,448.0,453.36,449.0,438.36,98.81771660490558,102.42722876174834,-3.6095121568427544
2026-04-19,58,Atleticos,Leones,99,64,18,9,12,31,26,4,6,22,9,8658f873-11ad-11f1-8bd6-4155b703e60b,https://www.bsnpr.com/partidos/8658f873-11ad-11f1-8bd6-4155b703e60b,1,80.92,89,83.0,122.34305486900642,107.2289156626506,15.114139206355816,10,467.0,447.48,461.0,436.0,104.36220613211763,105.73394495412845,-1.371738822010812
2026-04-21,61,Atleticos,Criollos,98,61,21,14,16,29,23,7,1,15,6,8653512e-11ad-11f1-9179-63f7bcb7cfbb,https://www.bsnpr.com/partidos/8653512e-11ad-11f1-9179-63f7bcb7cfbb,0,84.24,89,90.44,116.33428300094967,98.4077841662981,17.926498834651568,11,468.0,423.24,446.0,431.16,110.57555996597675,103.44187772520641,7.133682240770341
2026-04-23,66,Atleticos,Piratas,112,76,16,10,11,45,30,4,3,36,17,8685d66b-11ad-11f1-b2e5-b3f4613e539c,https://www.bsnpr.com/partidos/8685d66b-11ad-11f1-b2e5-b3f4613e539c,0,93.04,86,99.52,120.37833190025795,86.41479099678457,33.96354090347337,12,492.0,422.4,435.0,441.56,116.47727272727273,98.51435818461817,17.96291454265456
2026-04-25,71,Atleticos,Indios,109,70,29,14,26,45,23,11,5,15,7,8658cda3-11ad-11f1-9072-3541fa7ad528,https://www.bsnpr.com/partidos/8658cda3-11ad-11f1-9072-3541fa7ad528,1,96.76,102,99.32,112.64985531211244,102.6983487716472,9.951506540465232,13,504.0,441.32,466.0,463.03999999999996,114.20284600743226,100.63925362819627,13.563592379235985
2026-04-29,78,Atleticos,Santeros,81,62,17,17,13,40,26,5,0,19,4,86622cd4-11ad-11f1-83e6-9d6edb41a1c6,https://www.bsnpr.com/partidos/86622cd4-11ad-11f1-83e6-9d6edb41a1c6,1,86.48,84,92.56,93.66327474560592,90.75194468452895,2.911330061076967,14,499.0,441.44000000000005,450.0,464.84,113.03914461761507,96.80750365717236,16.231640960442704
2026-05-01,83,Atleticos,Piratas,91,71,22,8,17,36,17,5,1,23,6,86707028-11ad-11f1-80c8-afab8b4d3d04,https://www.bsnpr.com/partidos/86707028-11ad-11f1-80c8-afab8b4d3d04,0,88.68,97,80.0,102.61614794767704,121.25,-18.633852052322965,15,491.0,449.20000000000005,458.0,461.84,109.3054318788958,99.16854321843063,10.136888660465175
2026-05-03,88,Atleticos,Capitanes,85,79,14,6,9,35,18,12,4,23,8,86753ffa-11ad-11f1-a81e-71059c049357,https://www.bsnpr.com/partidos/86753ffa-11ad-11f1-a81e-71059c049357,1,91.16,90,86.84,93.24265028521282,103.6388760939659,-10.396225808753087,16,478.0,456.12,459.0,458.24,104.79698325002192,100.16585195530726,4.631131294714663
2026-05-06,93,Atleticos,Santeros,81,70,21,7,17,46,17,6,3,22,6,867bbc1c-11ad-11f1-9b74-1d38230f517b,https://www.bsnpr.com/partidos/867bbc1c-11ad-11f1-9b74-1d38230f517b,1,86.24,76,82.68,93.9239332096475,91.9206579583938,2.0032752512536973,17,447.0,449.32000000000005,449.0,441.40000000000003,99.48366420368556,101.7217942908926,-2.2381300872070398
2026-05-08,99,Atleticos,Indios,81,70,15,5,10,33,20,6,2,22,7,8697d825-11ad-11f1-b10e-47d6b7c4f300,https://www.bsnpr.com/partidos/8697d825-11ad-11f1-b10e-47d6b7c4f300,0,81.6,80,83.44,99.26470588235294,95.87727708533077,3.3874287970221673,18,419.0,434.15999999999997,427.0,425.52000000000004,96.5081997420306,100.34780973867268,-3.839609996642082
2026-05-11,104,Atleticos,Osos,108,75,14,8,11,45,33,3,2,32,13,8682bdb4-11ad-11f1-b336-1fa49a0dc45e,https://www.bsnpr.com/partidos/8682bdb4-11ad-11f1-b336-1fa49a0dc45e,1,89.16,87,91.12,121.13055181695829,95.47848990342405,25.65206191353424,19,446.0,436.84,430.0,424.08000000000004,102.09687757531363,101.39596302584417,0.7009145494694593
2026-05-14,110,Atleticos,Vaqueros,94,66,20,14,14,47,20,4,2,27,10,86a6584c-11ad-11f1-aac9-99d0b93e9307,https://www.bsnpr.com/partidos/86a6584c-11ad-11f1-aac9-99d0b93e9307,1,88.8,71,81.48,105.85585585585586,87.13794796269022,18.717907893165645,20,449.0,436.9599999999999,404.0,425.56000000000006,102.75540095203225,94.93373437353134,7.82166657850091
2026-03-22,3,Cangrejeros,Vaqueros,78,66,20,15,15,41,15,6,6,25,7,85ef13da-11ad-11f1-8182-857dfec0cf80,https://www.bsnpr.com/partidos/85ef13da-11ad-11f1-8182-857dfec0cf80,0,89.8,77,90.0,86.8596881959911,85.55555555555556,1.3041326404355402,1,78.0,89.8,77.0,90.0,86.8596881959911,85.55555555555556,1.3041326404355402
2026-03-27,7,Cangrejeros,Mets,88,68,22,13,19,32,20,9,1,29,7,8623834f-11ad-11f1-8103-a35e185e00b3,https://www.bsnpr.com/partidos/8623834f-11ad-11f1-8103-a35e185e00b3,1,90.68,93,89.04,97.04455227172474,104.44743935309972,-7.402887081374985,2,166.0,180.48000000000002,170.0,179.04000000000002,91.97695035460993,94.95084897229668,-2.973898617686757
2026-03-31,14,Cangrejeros,Criollos,86,78,9,12,9,35,14,10,3,37,13,860b912e-11ad-11f1-8106-13678b72103a,https://www.bsnpr.com/partidos/860b912e-11ad-11f1-8106-13678b72103a,0,93.96,90,90.56,91.52830991911452,99.38162544169612,-7.853315522581596,3,252.0,274.44,260.0,269.6,91.82334936598164,96.43916913946586,-4.615819773484219
2026-04-02,21,Cangrejeros,Criollos,107,72,21,10,17,24,26,7,2,38,14,865017f3-11ad-11f1-bea9-3f2cea9c5094,https://www.bsnpr.com/partidos/865017f3-11ad-11f1-bea9-3f2cea9c5094,1,91.24,102,93.88,117.2731258220079,108.64933958244568,8.623786239562222,4,359.0,365.68,362.0,363.48,98.17326624371034,99.59282491471332,-1.4195586710029744
2026-04-07,32,Cangrejeros,Atleticos,97,66,23,13,21,42,19,6,1,31,10,8670084c-11ad-11f1-894e-1de1a4c7b1f5,https://www.bsnpr.com/partidos/8670084c-11ad-11f1-894e-1de1a4c7b1f5,1,89.12,88,93.88,108.84201077199282,93.73668512995313,15.105325642039688,5,456.0,454.8,450.0,457.36,100.26385224274406,98.39076438691622,1.8730878558278476
2026-04-09,36,Cangrejeros,Gigantes,121,82,18,10,13,32,33,10,2,39,14,865010e4-11ad-11f1-9048-b793eef349cb,https://www.bsnpr.com/partidos/865010e4-11ad-11f1-9048-b793eef349cb,1,99.92,95,97.4,121.0968775020016,97.5359342915811,23.560943210420504,6,499.0,464.91999999999996,468.0,464.76,107.33029338380797,100.69713400464757,6.6331593791604035
2026-04-15,47,Cangrejeros,Criollos,96,76,25,14,19,40,18,9,1,29,11,863f9769-11ad-11f1-a9c7-eb547bb575be,https://www.bsnpr.com/partidos/863f9769-11ad-11f1-a9c7-eb547bb575be,1,101.0,105,102.52,95.04950495049505,102.41904018728053,-7.369535236785481,7,507.0,475.24,480.0,478.24,106.68293914653648,100.36801605888257,6.314923087653909
2026-04-17,53,Cangrejeros,Leones,106,66,31,13,26,35,19,7,3,26,12,86439b52-11ad-11f1-97be-ffcdd9747cbf,https://www.bsnpr.com/partidos/86439b52-11ad-11f1-97be-ffcdd9747cbf,0,92.64,111,95.84,114.42141623488774,115.81803005008346,-1.396613815195721,8,527.0,473.92,501.0,483.52,111.20020256583389,103.61515552614163,7.585047039692256
2026-04-19,59,Cangrejeros,Mets,91,78,24,10,17,42,21,9,1,29,10,864fdc16-11ad-11f1-840c-ad679f717b9d,https://www.bsnpr.com/partidos/864fdc16-11ad-11f1-840c-ad679f717b9d,1,98.56,94,89.56,92.32954545454545,104.95757034390353,-12.628024889358073,9,511.0,481.24,493.0,479.2,106.18402460310864,102.87979966611019,3.3042249369984518
2026-04-22,63,Cangrejeros,Vaqueros,110,77,20,12,15,38,29,6,2,29,13,8689c89c-11ad-11f1-924e-39ca5aa49c56,https://www.bsnpr.com/partidos/8689c89c-11ad-11f1-924e-39ca5aa49c56,1,97.8,94,86.76,112.47443762781187,108.34485938220378,4.129578245608087,10,524.0,489.91999999999996,499.0,472.08,106.95623775310256,105.70242331808169,1.253814435020871
2026-04-24,69,Cangrejeros,Vaqueros,87,78,20,12,16,36,18,12,3,25,7,868180d9-11ad-11f1-be6c-bbd82d502d3a,https://www.bsnpr.com/partidos/868180d9-11ad-11f1-be6c-bbd82d502d3a,0,98.8,109,94.6,88.05668016194332,115.22198731501058,-27.16530715306726,11,490.0,488.8,513.0,469.28000000000003,100.24549918166939,109.31639959086259,-9.0709004091932
2026-04-26,72,Cangrejeros,Piratas,95,63,31,12,26,28,23,6,1,26,11,8659e794-11ad-11f1-a157-e36379a4c7db,https://www.bsnpr.com/partidos/8659e794-11ad-11f1-a157-e36379a4c7db,1,88.64,96,88.52,107.17509025270758,108.45006778129236,-1.2749775285847846,12,489.0,476.43999999999994,504.0,455.28,102.63621862144238,110.70110701107012,-8.06488838962774
2026-04-28,76,Cangrejeros,Mets,92,67,15,13,13,33,24,4,0,22,9,866026c0-11ad-11f1-ba56-f73844299bd3,https://www.bsnpr.com/partidos/866026c0-11ad-11f1-ba56-f73844299bd3,0,86.6,102,92.32,106.23556581986143,110.48526863084923,-4.249702810987799,13,475.0,470.4,495.0,451.76,100.97789115646259,109.57145386931114,-8.593562712848552
2026-04-30,81,Cangrejeros,Osos,96,69,21,8,18,39,24,5,2,22,8,86ab3d87-11ad-11f1-aecd-df792945b27e,https://www.bsnpr.com/partidos/86ab3d87-11ad-11f1-aecd-df792945b27e,1,86.24,86,96.0,111.31725417439704,89.58333333333333,21.733920841063707,14,480.0,458.08,487.0,458.2,104.7851903597625,106.28546486250546,-1.5002745027429683
2026-05-02,86,Cangrejeros,Leones,92,72,17,4,13,33,24,4,4,35,13,86726a56-11ad-11f1-977d-23558c6c40c5,https://www.bsnpr.com/partidos/86726a56-11ad-11f1-977d-23558c6c40c5,1,83.48,103,87.6,110.20603737422137,117.57990867579909,-7.373871301577722,15,462.0,443.76,496.0,459.03999999999996,104.11032990805842,108.05158591843849,-3.941256010380073
2026-05-07,95,Cangrejeros,Criollos,83,77,12,14,7,41,27,6,2,37,12,86a7fc5b-11ad-11f1-aa85-4b3f6b4bbfa6,https://www.bsnpr.com/partidos/86a7fc5b-11ad-11f1-aa85-4b3f6b4bbfa6,0,96.28,95,95.12,86.20689655172414,99.87384356602186,-13.666947014297719,16,458.0,441.24,482.0,459.55999999999995,103.79838636569667,104.88293149969537,-1.0845451339987022
2026-05-10,103,Cangrejeros,Vaqueros,80,65,23,16,19,43,19,2,3,30,9,869f3afa-11ad-11f1-a593-13db03274e03,https://www.bsnpr.com/partidos/869f3afa-11ad-11f1-a593-13db03274e03,1,91.12,82,89.52,87.79631255487269,91.59964253798034,-3.803329983107659,17,443.0,443.72,468.0,460.56,99.83773550887946,101.61542470036477,-1.7776891914853081
2026-05-12,105,Cangrejeros,Gigantes,80,68,18,15,16,39,13,8,0,29,8,86b530a5-11ad-11f1-9c56-d7cd8f2e60aa,https://www.bsnpr.com/partidos/86b530a5-11ad-11f1-9c56-d7cd8f2e60aa,1,90.92,82,85.0,87.98944126704795,96.47058823529412,-8.481146968246165,18,431.0,448.04,448.0,453.24,96.19676814570127,98.84387962227517,-2.6471114765738974
2026-05-14,113,Cangrejeros,Gigantes,98,65,21,13,18,42,26,6,3,25,12,869226e7-11ad-11f1-b37c-93b72c320a3c,https://www.bsnpr.com/partidos/869226e7-11ad-11f1-b37c-93b72c320a3c,0,87.24,79,84.48,112.33379183860615,93.51325757575758,18.820534262848568,19,433.0,449.03999999999996,441.0,441.72,96.42793515054339,99.83700081499592,-3.409065664452527
2026-03-27,6,Capitanes,Osos,99,63,19,12,12,26,26,4,3,20,11,85feeafb-11ad-11f1-a0e8-bbe7d875458b,https://www.bsnpr.com/partidos/85feeafb-11ad-11f1-a0e8-bbe7d875458b,1,83.36,97,90.56,118.76199616122841,107.1113074204947,11.650688740733713,1,99.0,83.36,97.0,90.56,118.76199616122841,107.1113074204947,11.650688740733713
2026-03-29,12,Capitanes,Santeros,83,60,18,15,12,41,16,5,0,25,7,85f89be2-11ad-11f1-bc8b-47d6b7c4f300,https://www.bsnpr.com/partidos/85f89be2-11ad-11f1-bc8b-47d6b7c4f300,0,82.92,85,84.16,100.0964785335263,100.99809885931559,-0.9016203257892954,2,182.0,166.28,182.0,174.72,109.45393312484966,104.16666666666667,5.287266458182984
2026-03-31,16,Capitanes,Leones,110,67,31,10,25,35,24,5,2,23,9,8647d198-11ad-11f1-984a-f1bbd5da892b,https://www.bsnpr.com/partidos/8647d198-11ad-11f1-984a-f1bbd5da892b,1,90.64,102,87.0,121.35922330097087,117.24137931034483,4.117843990626042,3,292.0,256.92,284.0,261.72,113.65405573719445,108.51291456518416,5.141141172010293
2026-04-02,22,Capitanes,Piratas,79,67,21,11,14,42,17,5,1,32,9,862136f7-11ad-11f1-abee-1d38230f517b,https://www.bsnpr.com/partidos/862136f7-11ad-11f1-abee-1d38230f517b,1,87.24,77,88.84,90.55479138010088,86.67266996848267,3.882121411618215,4,371.0,344.15999999999997,361.0,350.56,107.79869827986984,102.97809219534459,4.820606084525252
2026-04-04,25,Capitanes,Mets,91,75,22,9,19,34,17,4,1,25,8,86242db4-11ad-11f1-a3e2-131d3a9d215b,https://www.bsnpr.com/partidos/86242db4-11ad-11f1-a3e2-131d3a9d215b,0,93.68,93,90.24,97.1391972672929,103.05851063829788,-5.919313371004975,5,462.0,437.84000000000003,454.0,440.8,105.51799744198793,102.99455535390199,2.523442088085943
2026-04-06,29,Capitanes,Gigantes,123,76,21,15,17,34,29,8,1,28,16,861fc495-11ad-11f1-8275-55946fa5b60f,https://www.bsnpr.com/partidos/861fc495-11ad-11f1-8275-55946fa5b60f,1,100.24,116,97.28,122.70550678371907,119.24342105263158,3.462085731087498,6,486.0,454.71999999999997,473.0,447.52,106.8789584799437,105.69360028602074,1.1853581939229656
2026-04-08,33,Capitanes,Leones,101,75,20,12,18,46,23,5,2,27,11,86191990-11ad-11f1-9f2a-d5a1c9bc657e,https://www.bsnpr.com/partidos/86191990-11ad-11f1-9f2a-d5a1c9bc657e,1,95.8,82,94.56,105.42797494780794,86.71742808798646,18.710546859821477,7,504.0,467.59999999999997,470.0,457.92,107.78443113772455,102.63801537386443,5.146415763860119
2026-04-10,39,Capitanes,Piratas,101,82,20,15,15,44,26,11,2,21,6,86590748-11ad-11f1-835e-99d0b93e9307,https://www.bsnpr.com/partidos/86590748-11ad-11f1-835e-99d0b93e9307,0,105.8,95,109.76,95.46313799621929,86.55247813411079,8.910659862108503,8,495.0,482.76,463.0,480.67999999999995,102.53542132736764,96.3218773404344,6.213543986933246
2026-04-16,51,Capitanes,Piratas,86,66,16,7,12,37,17,4,3,25,10,863a6c5d-11ad-11f1-8591-d7cd8f2e60aa,https://www.bsnpr.com/partidos/863a6c5d-11ad-11f1-8591-d7cd8f2e60aa,1,80.04,84,85.0,107.4462768615692,98.82352941176471,8.622747449804493,9,502.0,475.55999999999995,470.0,476.84000000000003,105.55976112372782,98.56555658082375,6.994204542904072
2026-04-18,54,Capitanes,Santeros,95,68,19,11,15,33,21,10,2,20,4,86439958-11ad-11f1-bbd5-995a265266fc,https://www.bsnpr.com/partidos/86439958-11ad-11f1-bbd5-995a265266fc,0,87.36,90,90.08,108.74542124542124,99.91119005328596,8.834231192135277,10,506.0,469.24,467.0,476.68,107.83394425027704,97.96928757237559,9.86465667790145
2026-04-24,68,Capitanes,Leones,108,91,13,9,10,46,27,5,5,42,16,8680da06-11ad-11f1-8fb5-d5cee02b1f21,https://www.bsnpr.com/partidos/8680da06-11ad-11f1-8fb5-d5cee02b1f21,0,105.72,116,98.28,102.1566401816118,118.03011803011803,-15.873477848506226,11,491.0,474.72,467.0,477.68,103.42938995618469,97.76419360241165,5.665196353773041
2026-04-26,74,Capitanes,Gigantes,91,75,18,12,11,35,25,8,3,32,10,865c9449-11ad-11f1-a896-73e4d9281f5d,https://www.bsnpr.com/partidos/865c9449-11ad-11f1-a896-73e4d9281f5d,0,94.92,111,99.92,95.87020648967551,111.0888710968775,-15.218664607201987,12,481.0,473.84000000000003,496.0,483.04,101.51105858517643,102.6830076184167,-1.1719490332402671
2026-05-03,88,Capitanes,Atleticos,90,66,11,16,9,43,21,4,3,20,11,86753ffa-11ad-11f1-a81e-71059c049357,https://www.bsnpr.com/partidos/86753ffa-11ad-11f1-a81e-71059c049357,0,86.84,85,91.16,103.6388760939659,93.24265028521282,10.396225808753087,13,470.0,454.88,486.0,464.43999999999994,103.32395357017235,104.64214968564293,-1.3181961154705846
2026-05-04,89,Capitanes,Indios,87,70,23,9,14,36,25,10,2,25,7,86b4c74e-11ad-11f1-83ac-358b94c68f21,https://www.bsnpr.com/partidos/86b4c74e-11ad-11f1-83ac-358b94c68f21,0,89.12,85,90.24,97.62118491921005,94.19326241134752,3.427922507862533,14,471.0,463.96000000000004,487.0,469.67999999999995,101.51737218725751,103.68761710100495,-2.170244913747439
2026-05-08,97,Capitanes,Santeros,92,71,18,7,13,37,27,6,2,35,13,86a705ce-11ad-11f1-a291-2dd284763011,https://www.bsnpr.com/partidos/86a705ce-11ad-11f1-a291-2dd284763011,1,85.92,81,92.8,107.07635009310987,87.2844827586207,19.79186733448917,15,468.0,462.52000000000004,478.0,472.4,101.18481362968087,101.18543607112618,-0.000622441445301547
2026-05-14,109,Capitanes,Indios,96,78,13,10,8,48,23,3,1,40,16,86c0c3fd-11ad-11f1-a950-5bf5d13ed065,https://www.bsnpr.com/partidos/86c0c3fd-11ad-11f1-a950-5bf5d13ed065,0,93.72,86,85.64,102.43277848911652,100.4203643157403,2.0124141733762144,16,456.0,450.52,448.0,459.76,101.21637219213353,97.442143727162,3.7742284649715288
2026-03-28,9,Criollos,Leones,99,60,30,5,27,41,17,9,1,24,10,85f8960f-11ad-11f1-b6c7-b9b1c1d0893a,https://www.bsnpr.com/partidos/85f8960f-11ad-11f1-b6c7-b9b1c1d0893a,0,78.2,98,76.76,126.59846547314578,127.6706618030224,-1.0721963298766184,1,99.0,78.2,98.0,76.76,126.59846547314578,127.6706618030224,-1.0721963298766184
2026-03-31,14,Criollos,Cangrejeros,90,67,24,13,22,37,22,9,10,23,8,860b912e-11ad-11f1-8106-13678b72103a,https://www.bsnpr.com/partidos/860b912e-11ad-11f1-8106-13678b72103a,1,90.56,86,93.96,99.38162544169612,91.52830991911452,7.853315522581596,2,189.0,168.76,184.0,170.72,111.99336335624557,107.7788191190253,4.214544237220267
2026-04-02,21,Criollos,Cangrejeros,102,66,27,16,21,40,24,7,2,22,7,865017f3-11ad-11f1-bea9-3f2cea9c5094,https://www.bsnpr.com/partidos/865017f3-11ad-11f1-bea9-3f2cea9c5094,0,93.88,107,91.24,108.64933958244568,117.2731258220079,-8.623786239562222,3,291.0,262.64,291.0,261.96,110.798050563509,111.08566193311957,-0.2876113696105733
2026-04-05,27,Criollos,Santeros,103,76,23,12,12,37,19,8,3,24,11,8654032e-11ad-11f1-ac43-199dfc9f8f4d,https://www.bsnpr.com/partidos/8654032e-11ad-11f1-ac43-199dfc9f8f4d,0,98.12,107,92.36,104.97350183448837,115.85101775660459,-10.877515922116217,4,394.0,360.76,398.0,354.32,109.21388180507817,112.32783924136375,-3.113957436285574
2026-04-07,31,Criollos,Osos,100,65,35,14,29,37,22,12,3,28,13,865639bd-11ad-11f1-8096-4744e1fa2e9f,https://www.bsnpr.com/partidos/865639bd-11ad-11f1-8096-4744e1fa2e9f,1,94.4,92,91.04,105.9322033898305,101.05448154657293,4.877721843257575,5,494.0,455.16,490.0,445.36,108.53326302838562,110.0233518950961,-1.4900888667104795
2026-04-11,40,Criollos,Mets,97,68,15,13,12,42,21,10,5,27,13,862a8754-11ad-11f1-8b78-8914e662b444,https://www.bsnpr.com/partidos/862a8754-11ad-11f1-8b78-8914e662b444,1,87.6,78,96.88,110.73059360730595,80.51197357555739,30.218620031748557,6,492.0,464.56,470.0,465.48,105.90666437058722,100.97104064621466,4.935623724372562
2026-04-13,45,Criollos,Mets,105,78,23,6,18,46,27,8,3,28,9,863f47b0-11ad-11f1-bf06-dd2940ebe4b1,https://www.bsnpr.com/partidos/863f47b0-11ad-11f1-bf06-dd2940ebe4b1,0,94.12,92,90.96,111.55971100722482,101.14335971855762,10.416351288667201,7,507.0,468.12,476.0,462.47999999999996,108.30556267623686,102.92336965922851,5.382193017008348
2026-04-15,47,Criollos,Cangrejeros,105,74,33,14,25,40,30,6,1,25,8,863f9769-11ad-11f1-a9c7-eb547bb575be,https://www.bsnpr.com/partidos/863f9769-11ad-11f1-a9c7-eb547bb575be,0,102.52,96,101.0,102.41904018728053,95.04950495049505,7.369535236785481,8,510.0,476.76,465.0,472.24,106.97206141454821,98.46688124682365,8.50518016772456
2026-04-18,56,Criollos,Gigantes,91,74,19,12,15,45,20,4,3,28,12,864734c4-11ad-11f1-9f5c-b9b1c1d0893a,https://www.bsnpr.com/partidos/864734c4-11ad-11f1-9f5c-b9b1c1d0893a,0,94.36,98,90.24,96.43916913946587,108.59929078014186,-12.160121640675982,9,498.0,473.0,456.0,470.12,105.28541226215644,96.99651152897133,8.288900733185116
2026-04-21,61,Criollos,Atleticos,89,64,26,15,21,29,20,7,1,27,8,8653512e-11ad-11f1-9179-63f7bcb7cfbb,https://www.bsnpr.com/partidos/8653512e-11ad-11f1-9179-63f7bcb7cfbb,1,90.44,98,84.24,98.4077841662981,116.33428300094967,-17.926498834651568,10,487.0,469.03999999999996,462.0,463.31999999999994,103.82909773153676,99.71509971509973,4.113998016437037
2026-04-23,67,Criollos,Indios,101,80,23,16,16,46,26,6,5,27,9,86571bf8-11ad-11f1-b0c1-0152e55a7f9a,https://www.bsnpr.com/partidos/86571bf8-11ad-11f1-b0c1-0152e55a7f9a,0,106.12,102,97.44,95.17527327553712,104.67980295566502,-9.504529680127902,11,491.0,487.56,486.0,463.88,100.70555418820248,104.76847460550142,-4.06292041729894
2026-04-27,75,Criollos,Vaqueros,96,79,31,7,20,48,26,8,2,24,8,8662b2b9-11ad-11f1-a939-e735d77315f0,https://www.bsnpr.com/partidos/8662b2b9-11ad-11f1-a939-e735d77315f0,1,99.64,90,96.0,96.34684865515857,93.75,2.596848655158567,12,482.0,493.08000000000004,484.0,468.91999999999996,97.75290013790865,103.21590036680031,-5.463000228891659
2026-05-01,84,Criollos,Gigantes,97,70,25,9,15,41,26,6,3,26,12,866bbac8-11ad-11f1-9aa9-e7f535a50d90,https://www.bsnpr.com/partidos/866bbac8-11ad-11f1-9aa9-e7f535a50d90,0,90.0,91,89.72,107.77777777777777,101.426660722247,6.3511170555307785,13,474.0,480.56000000000006,479.0,457.64,98.63492591976026,104.66742417620837,-6.0324982564481076
2026-05-05,91,Criollos,Vaqueros,100,73,14,20,14,42,20,2,5,29,12,8685de05-11ad-11f1-affa-995a265266fc,https://www.bsnpr.com/partidos/8685de05-11ad-11f1-affa-995a265266fc,1,99.16,99,103.88,100.8471157724889,95.30227185213708,5.544843920351823,14,483.0,485.36,480.0,471.28,99.51376298005604,101.85028008827025,-2.3365171082142098
2026-05-07,95,Criollos,Cangrejeos,95,73,23,12,17,52,16,6,3,27,12,86a7fc5b-11ad-11f1-aa85-4b3f6b4bbfa6,https://www.bsnpr.com/partidos/86a7fc5b-11ad-11f1-aa85-4b3f6b4bbfa6,1,95.12,83,96.28,99.87384356602186,86.20689655172414,13.666947014297719,15,489.0,490.04,465.0,483.31999999999994,99.78777242674067,96.20955060829266,3.5782218184480143
2026-05-09,100,Criollos,Osos,89,74,23,8,17,37,25,8,3,26,10,869f6298-11ad-11f1-a484-d5a1c9bc657e,https://www.bsnpr.com/partidos/869f6298-11ad-11f1-a484-d5a1c9bc657e,0,92.12,94,89.52,96.61311333043855,105.00446827524576,-8.391354944807205,16,477.0,476.04,457.0,475.40000000000003,100.20166372573733,96.12957509465713,4.072088631080206
2026-05-12,106,Criollos,Vaqueros,80,70,23,18,15,41,23,7,4,26,9,8686ea5e-11ad-11f1-a480-af7d1f9c2528,https://www.bsnpr.com/partidos/8686ea5e-11ad-11f1-a480-af7d1f9c2528,0,98.12,107,101.16,81.53281695882592,105.77303281929616,-24.240215860470244,17,461.0,474.52,474.0,480.55999999999995,97.15080502402428,98.63492591976029,-1.4841208957360124
2026-05-14,112,Criollos,Piratas,119,75,28,15,24,45,28,3,4,34,13,86b2e27f-11ad-11f1-9ed8-6b426cbdfff1,https://www.bsnpr.com/partidos/86b2e27f-11ad-11f1-9ed8-6b426cbdfff1,0,102.32,112,104.24,116.30179827990618,107.44435917114352,8.857439108762662,18,483.0,486.84,495.0,495.08,99.21123983238847,99.98384099539469,-0.7726011630062146
2026-04-01,18,Gigantes,Osos,88,65,22,13,17,30,18,11,4,29,11,86191586-11ad-11f1-a23f-2787b6cf12f3,https://www.bsnpr.com/partidos/86191586-11ad-11f1-a23f-2787b6cf12f3,0,87.68,90,96.72,100.36496350364963,93.05210918114145,7.312854322508187,1,88.0,87.68,90.0,96.72,100.36496350364963,93.05210918114145,7.312854322508187
2026-04-04,26,Gigantes,Atleticos,104,78,12,12,9,35,19,7,1,35,11,862abd00-11ad-11f1-bd8b-fb1baaa297fd,https://www.bsnpr.com/partidos/862abd00-11ad-11f1-bd8b-fb1baaa297fd,0,95.28,97,108.48,109.151973131822,89.41740412979351,19.734569002028493,2,192.0,182.96,187.0,205.2,104.940970703979,91.13060428849903,13.810366415479976
2026-04-06,29,Gigantes,Capitanes,116,77,12,15,10,29,24,6,1,32,12,861fc495-11ad-11f1-8275-55946fa5b60f,https://www.bsnpr.com/partidos/861fc495-11ad-11f1-8275-55946fa5b60f,0,97.28,123,100.24,119.24342105263158,122.70550678371907,-3.462085731087498,3,308.0,280.24,310.0,305.44,109.905795032829,101.49292823467785,8.412866798151157
2026-04-09,36,Gigantes,Cangrejeros,95,67,35,15,21,39,25,6,0,22,8,865010e4-11ad-11f1-9048-b793eef349cb,https://www.bsnpr.com/partidos/865010e4-11ad-11f1-9048-b793eef349cb,0,97.4,121,99.92,97.5359342915811,121.0968775020016,-23.560943210420504,4,403.0,377.64,431.0,405.36,106.71539031882216,106.32524176041049,0.39014855841166707
2026-04-11,41,Gigantes,Vaqueros,77,59,21,12,19,39,12,7,4,24,8,863865c1-11ad-11f1-bb5f-91a4423972e2,https://www.bsnpr.com/partidos/863865c1-11ad-11f1-bb5f-91a4423972e2,1,80.24,76,77.52,95.96211365902293,98.03921568627452,-2.077102027251584,5,480.0,457.88,507.0,482.88,104.83096007687604,104.99502982107356,-0.16406974419751919
2026-04-14,46,Gigantes,Piratas,104,73,23,11,18,35,23,11,3,25,6,86395948-11ad-11f1-9f4c-156796554d86,https://www.bsnpr.com/partidos/86395948-11ad-11f1-9f4c-156796554d86,1,94.12,99,101.8,110.49723756906077,97.24950884086444,13.247728728196336,6,496.0,464.32,516.0,487.96,106.82288077188146,105.7463726534962,1.076508118385263
2026-04-16,50,Gigantes,Osos,95,59,21,7,20,28,24,7,4,23,11,863a8c15-11ad-11f1-be95-af7d1f9c2528,https://www.bsnpr.com/partidos/863a8c15-11ad-11f1-be95-af7d1f9c2528,0,75.24,88,83.6,126.26262626262627,105.26315789473685,20.99946836788942,7,487.0,444.28,507.0,463.08,109.61555775636987,109.48432236330656,0.13123539306330656
2026-04-18,56,Gigantes,Criollos,98,73,21,8,13,33,18,4,6,31,14,864734c4-11ad-11f1-9f5c-b9b1c1d0893a,https://www.bsnpr.com/partidos/864734c4-11ad-11f1-9f5c-b9b1c1d0893a,1,90.24,91,94.36,108.59929078014186,96.43916913946587,12.160121640675982,8,469.0,437.24,475.0,457.2,107.2637453114994,103.89326334208224,3.3704819694171704
2026-04-20,60,Gigantes,Vaqueros,82,75,20,10,13,37,14,4,2,30,9,8650efa4-11ad-11f1-8d14-5951d88c630a,https://www.bsnpr.com/partidos/8650efa4-11ad-11f1-8d14-5951d88c630a,0,93.8,113,96.8,87.42004264392324,116.73553719008265,-29.315494546159414,9,456.0,433.64,467.0,454.08,105.1563508901393,102.84531360112756,2.311037289011736
2026-04-23,65,Gigantes,Mets,94,64,9,13,7,28,21,6,2,33,15,8656703d-11ad-11f1-b497-efb94fc6f632,https://www.bsnpr.com/partidos/8656703d-11ad-11f1-b497-efb94fc6f632,0,80.96,98,85.12,116.10671936758894,115.13157894736841,0.9751404202205265,10,473.0,434.36,489.0,461.68,108.89584676305368,105.91751862762086,2.978328135432818
2026-04-26,74,Gigantes,Capitanes,111,80,18,12,15,45,25,7,2,29,14,865c9449-11ad-11f1-a896-73e4d9281f5d,https://www.bsnpr.com/partidos/865c9449-11ad-11f1-a896-73e4d9281f5d,1,99.92,91,94.92,111.0888710968775,95.87020648967551,15.218664607201987,11,480.0,440.15999999999997,481.0,454.79999999999995,109.05125408942203,105.76077396657872,3.290480122843306
2026-04-29,79,Gigantes,Piratas,96,78,15,9,7,37,26,6,5,29,9,86730398-11ad-11f1-858d-e3311ea6ecd4,https://www.bsnpr.com/partidos/86730398-11ad-11f1-858d-e3311ea6ecd4,0,93.6,106,97.24,102.56410256410257,109.00863842040313,-6.444535856300561,12,481.0,458.52,499.0,468.44,104.90273052429556,106.52378106054137,-1.6210505362458036
2026-05-01,84,Gigantes,Criollos,91,75,13,9,10,38,20,8,4,32,11,866bbac8-11ad-11f1-9aa9-e7f535a50d90,https://www.bsnpr.com/partidos/866bbac8-11ad-11f1-9aa9-e7f535a50d90,1,89.72,97,90.0,101.426660722247,107.77777777777777,-6.3511170555307785,13,474.0,458.0,505.0,464.08,103.4934497816594,108.81744526805724,-5.323995486397848
2026-05-03,87,Gigantes,Santeros,98,76,24,8,13,48,22,8,1,34,13,86852177-11ad-11f1-9a37-b9b1c1d0893a,https://www.bsnpr.com/partidos/86852177-11ad-11f1-9a37-b9b1c1d0893a,1,94.56,69,82.96,103.63790186125212,83.17261330761814,20.465288553633982,14,490.0,458.76,461.0,450.24,106.80966082483216,102.38983653162758,4.419824293204584
2026-05-06,92,Gigantes,Leones,90,69,14,10,9,36,20,2,2,30,9,8685483e-11ad-11f1-a959-156796554d86,https://www.bsnpr.com/partidos/8685483e-11ad-11f1-a959-156796554d86,0,85.16,85,76.2,105.68341944574918,111.54855643044618,-5.865136984697003,15,486.0,462.96,448.0,441.32,104.97667185069984,101.51364089549533,3.463030955204516
2026-05-09,101,Gigantes,Mets,96,67,10,17,7,37,28,13,4,25,11,868893f2-11ad-11f1-80ba-612cd40bc2cc,https://www.bsnpr.com/partidos/868893f2-11ad-11f1-80ba-612cd40bc2cc,1,88.4,76,91.68,108.5972850678733,82.89703315881326,25.700251909060043,16,471.0,451.43999999999994,433.0,438.08,104.33280170122276,98.84039444850256,5.492407252720199
2026-05-12,105,Gigantes,Cangrejeros,82,60,25,14,21,35,14,5,8,21,7,86b530a5-11ad-11f1-9c56-d7cd8f2e60aa,https://www.bsnpr.com/partidos/86b530a5-11ad-11f1-9c56-d7cd8f2e60aa,0,85.0,80,90.92,96.47058823529412,87.98944126704795,8.481146968246165,17,457.0,442.84000000000003,407.0,431.76,103.19754313070183,94.26533259218084,8.932210538520991
2026-05-14,113,Gigantes,Cangrejeros,79,65,17,12,11,27,17,6,2,24,6,869226e7-11ad-11f1-b37c-93b72c320a3c,https://www.bsnpr.com/partidos/869226e7-11ad-11f1-b37c-93b72c320a3c,1,84.48,98,87.24,93.51325757575758,112.33379183860615,-18.820534262848568,18,445.0,437.59999999999997,408.0,429.0,101.691042047532,95.1048951048951,6.586146942636887
2026-03-21,1,Indios,Leones,85,67,20,9,19,32,19,4,2,31,10,85f24ee2-11ad-11f1-805a-d9b722cf73d3,https://www.bsnpr.com/partidos/85f24ee2-11ad-11f1-805a-d9b722cf73d3,1,84.8,89,82.36,100.23584905660378,108.06216610004857,-7.826317043444789,1,85.0,84.8,89.0,82.36,100.23584905660378,108.06216610004857,-7.826317043444789
2026-03-28,10,Indios,Atleticos,72,59,28,9,17,33,19,4,1,18,7,85fbab5a-11ad-11f1-a6fa-ffcdd9747cbf,https://www.bsnpr.com/partidos/85fbab5a-11ad-11f1-a6fa-ffcdd9747cbf,0,80.32,93,83.88,89.64143426294821,110.87267525035766,-21.23124098740945,2,157.0,165.12,182.0,166.24,95.08236434108527,109.48026948989413,-14.39790514880886
2026-03-31,15,Indios,Santeros,72,60,17,15,12,35,18,4,4,24,8,86148966-11ad-11f1-a992-afab8b4d3d04,https://www.bsnpr.com/partidos/86148966-11ad-11f1-a992-afab8b4d3d04,1,82.48,75,85.72,87.29388942774005,87.49416705552963,-0.2002776277895748,3,229.0,247.6,257.0,251.95999999999998,92.48788368336027,102.000317510716,-9.512433827355736
2026-04-02,20,Indios,Leones,90,67,17,7,12,31,19,1,0,33,12,861f6c88-11ad-11f1-adf2-73e4d9281f5d,https://www.bsnpr.com/partidos/861f6c88-11ad-11f1-adf2-73e4d9281f5d,0,81.48,85,83.92,110.45655375552282,101.28693994280266,9.169613812720158,4,319.0,329.08,342.0,335.88,96.93691503585755,101.82207931404074,-4.885164278183183
2026-04-04,24,Indios,Vaqueros,79,52,30,19,22,30,24,6,4,23,9,8621512f-11ad-11f1-b818-23558c6c40c5,https://www.bsnpr.com/partidos/8621512f-11ad-11f1-b818-23558c6c40c5,1,84.2,86,93.68,93.82422802850355,91.80187873612296,2.0223492923805964,5,398.0,413.28,428.0,429.56,96.30274874177314,99.63683769438495,-3.3340889526118076
2026-04-08,34,Indios,Piratas,103,65,28,11,28,39,29,8,2,29,9,8624e467-11ad-11f1-a05d-e7f535a50d90,https://www.bsnpr.com/partidos/8624e467-11ad-11f1-a05d-e7f535a50d90,1,88.32,80,88.92,116.62137681159422,89.9685110211426,26.652865790451614,6,416.0,416.79999999999995,419.0,436.12,99.8080614203455,96.07447491516096,3.733586505184533
2026-04-13,44,Indios,Vaqueros,85,56,23,14,17,25,20,8,2,15,6,863b0f76-11ad-11f1-943f-4b3f6b4bbfa6,https://www.bsnpr.com/partidos/863b0f76-11ad-11f1-943f-4b3f6b4bbfa6,0,80.12,100,83.36,106.09086370444332,119.9616122840691,-13.870748579625783,7,429.0,416.6,426.0,435.6,102.97647623619778,97.7961432506887,5.180332985509082
2026-04-17,52,Indios,Atleticos,100,66,29,12,23,40,27,8,4,26,13,863b0bb0-11ad-11f1-a937-612cd40bc2cc,https://www.bsnpr.com/partidos/863b0bb0-11ad-11f1-a937-612cd40bc2cc,1,90.76,86,86.36,110.18069634200087,99.58314034275128,10.597555999249593,8,457.0,424.88,437.0,436.24,107.55978158538882,100.17421602787456,7.385565557514255
2026-04-19,57,Indios,Piratas,114,66,38,13,29,38,22,6,3,21,7,864e4b09-11ad-11f1-a1d4-23fcb67dd88e,https://www.bsnpr.com/partidos/864e4b09-11ad-11f1-a1d4-23fcb67dd88e,0,95.72,106,104.32,119.09736732135396,101.61042944785277,17.48693787350119,9,481.0,439.12,458.0,456.64,109.5372563308435,100.29782761037141,9.239428720472091
2026-04-21,62,Indios,Mets,113,75,16,7,8,33,38,8,5,29,15,864fe16a-11ad-11f1-80a4-a15879432ab1,https://www.bsnpr.com/partidos/864fe16a-11ad-11f1-80a4-a15879432ab1,1,89.04,102,102.72,126.90925426774483,99.29906542056075,27.610188847184077,10,515.0,443.96,474.0,465.68,116.00144157131274,101.78663459886617,14.214806972446567
2026-04-23,67,Indios,Criollos,102,76,26,10,21,38,28,7,1,28,7,86571bf8-11ad-11f1-b0c1-0152e55a7f9a,https://www.bsnpr.com/partidos/86571bf8-11ad-11f1-b0c1-0152e55a7f9a,1,97.44,101,106.12,104.67980295566502,95.17527327553712,9.504529680127902,11,514.0,453.08,495.0,482.88,113.44574909508255,102.50994035785288,10.935808737229664
2026-04-25,71,Indios,Atleticos,102,73,28,14,19,34,23,8,6,34,13,8658cda3-11ad-11f1-9072-3541fa7ad528,https://www.bsnpr.com/partidos/8658cda3-11ad-11f1-9072-3541fa7ad528,0,99.32,109,96.76,102.6983487716472,112.64985531211244,-9.951506540465232,12,531.0,472.28000000000003,504.0,496.28,112.43330227830947,101.55557346659144,10.877728811718029
2026-04-28,77,Indios,Osos,88,67,21,13,13,39,24,5,3,27,9,865a5d2c-11ad-11f1-ab23-d9b722cf73d3,https://www.bsnpr.com/partidos/865a5d2c-11ad-11f1-ab23-d9b722cf73d3,0,89.24,100,91.16,98.61048857014792,109.69723562966213,-11.08674705951421,13,519.0,470.76,518.0,501.08000000000004,110.24725975019118,103.37670631436097,6.870553435830203
2026-05-01,82,Indios,Santeros,85,60,25,18,16,43,22,6,3,28,9,8671d3b8-11ad-11f1-a664-5bf5d13ed065,https://www.bsnpr.com/partidos/8671d3b8-11ad-11f1-a664-5bf5d13ed065,0,89.0,82,90.84,95.50561797752809,90.26860413914575,5.237013838382339,14,490.0,464.04,494.0,487.6,105.59434531505904,101.31255127153403,4.281794043525011
2026-05-04,89,Indios,Capitanes,85,66,21,15,13,43,21,4,3,28,10,86b4c74e-11ad-11f1-83ac-358b94c68f21,https://www.bsnpr.com/partidos/86b4c74e-11ad-11f1-83ac-358b94c68f21,1,90.24,87,89.12,94.19326241134752,97.62118491921005,-3.427922507862533,15,462.0,465.24,479.0,474.0,99.30358524632447,101.05485232067511,-1.7512670743506362
2026-05-06,94,Indios,Piratas,113,79,19,7,17,42,25,4,3,33,14,868455a7-11ad-11f1-9986-31430745bf20,https://www.bsnpr.com/partidos/868455a7-11ad-11f1-9986-31430745bf20,1,94.36,83,91.92,119.75413310724883,90.29590948651001,29.45822362073882,16,473.0,462.15999999999997,461.0,459.8,102.34550804916047,100.26098303610264,2.084525013057828
2026-05-08,99,Indios,Atleticos,80,61,26,11,18,42,8,3,5,26,8,8697d825-11ad-11f1-b10e-47d6b7c4f300,https://www.bsnpr.com/partidos/8697d825-11ad-11f1-b10e-47d6b7c4f300,1,83.44,81,81.6,95.87727708533077,99.26470588235294,-3.3874287970221673,17,451.0,446.28,433.0,444.64,101.05763197992293,97.3821518531846,3.6754801267383357
2026-05-14,109,Indios,Capitanes,86,62,31,10,23,36,17,6,6,27,7,86c0c3fd-11ad-11f1-a950-5bf5d13ed065,https://www.bsnpr.com/partidos/86c0c3fd-11ad-11f1-a950-5bf5d13ed065,1,85.64,96,93.72,100.4203643157403,102.43277848911652,-2.0124141733762144,18,449.0,442.67999999999995,429.0,447.20000000000005,101.42766784133009,95.93023255813952,5.497435283190569
2026-03-21,1,Leones,Indios,89,65,19,9,12,33,20,5,6,18,7,85f24ee2-11ad-11f1-805a-d9b722cf73d3,https://www.bsnpr.com/partidos/85f24ee2-11ad-11f1-805a-d9b722cf73d3,0,82.36,85,84.8,108.06216610004857,100.23584905660378,7.826317043444789,1,89.0,82.36,85.0,84.8,108.06216610004857,100.23584905660378,7.826317043444789
2026-03-25,5,Leones,Atleticos,80,62,23,11,13,26,20,9,5,23,9,86227eb0-11ad-11f1-8614-45a14c464e3d,https://www.bsnpr.com/partidos/86227eb0-11ad-11f1-8614-45a14c464e3d,1,83.12,90,94.68,96.24639076034649,95.05703422053232,1.1893565398141703,2,169.0,165.48000000000002,175.0,179.48000000000002,102.12714527435338,97.50390015600622,4.623245118347157
2026-03-28,9,Leones,Criollos,98,55,29,9,23,36,19,7,4,21,7,85f8960f-11ad-11f1-b6c7-b9b1c1d0893a,https://www.bsnpr.com/partidos/85f8960f-11ad-11f1-b6c7-b9b1c1d0893a,1,76.76,99,78.2,127.6706618030224,126.59846547314578,1.0721963298766184,3,267.0,242.24,274.0,257.68,110.22126816380448,106.33343682086308,3.8878313429413964
2026-03-31,16,Leones,Capitanes,102,68,25,8,19,26,19,4,2,29,11,8647d198-11ad-11f1-984a-f1bbd5da892b,https://www.bsnpr.com/partidos/8647d198-11ad-11f1-984a-f1bbd5da892b,0,87.0,110,90.64,117.24137931034483,121.35922330097087,-4.117843990626042,4,369.0,329.24,384.0,348.32,112.0762969262544,110.24345429490124,1.8328426313531594
2026-04-02,20,Leones,Indios,85,69,18,7,15,30,17,5,1,34,10,861f6c88-11ad-11f1-adf2-73e4d9281f5d,https://www.bsnpr.com/partidos/861f6c88-11ad-11f1-adf2-73e4d9281f5d,1,83.92,90,81.48,101.28693994280266,110.45655375552282,-9.169613812720158,5,454.0,413.16,474.0,429.8,109.8847903959725,110.28385295486272,-0.3990625588902219
2026-04-04,23,Leones,Piratas,102,65,21,9,15,28,25,5,5,26,13,86210c0e-11ad-11f1-a177-877742776877,https://www.bsnpr.com/partidos/86210c0e-11ad-11f1-a177-877742776877,1,83.24,90,85.44,122.537241710716,105.3370786516854,17.2001630590306,6,467.0,414.03999999999996,479.0,430.44,112.79103468263936,111.28147941641112,1.5095552662282472
2026-04-08,33,Leones,Capitanes,82,74,24,10,15,38,14,7,4,25,3,86191990-11ad-11f1-9f2a-d5a1c9bc657e,https://www.bsnpr.com/partidos/86191990-11ad-11f1-9f2a-d5a1c9bc657e,0,94.56,101,95.8,86.71742808798646,105.42797494780794,-18.710546859821477,7,469.0,425.48,490.0,431.56,110.22844787064021,113.54157011771248,-3.313122247072272
2026-04-10,38,Leones,Santeros,102,76,14,8,10,44,28,9,3,27,8,864f3a73-11ad-11f1-ba36-93b72c320a3c,https://www.bsnpr.com/partidos/864f3a73-11ad-11f1-ba36-93b72c320a3c,1,90.16,65,85.84,113.13220940550134,75.72227399813606,37.40993540736528,8,473.0,438.88,456.0,439.2,107.77433467006927,103.82513661202186,3.9491980580474007
2026-04-12,42,Leones,Osos,94,58,26,17,22,29,19,7,1,20,8,86390da1-11ad-11f1-b95b-857dfec0cf80,https://www.bsnpr.com/partidos/86390da1-11ad-11f1-b95b-857dfec0cf80,0,86.44,105,93.48,108.7459509486349,112.32349165596919,-3.5775407073342933,9,465.0,438.32,451.0,442.04,106.08687716736631,102.02696588544023,4.059911281926077
2026-04-15,49,Leones,Santeros,77,64,13,11,9,39,16,4,2,19,4,863d3aa4-11ad-11f1-8bc4-df792945b27e,https://www.bsnpr.com/partidos/863d3aa4-11ad-11f1-8bc4-df792945b27e,0,80.72,83,77.92,95.39147670961349,106.51950718685832,-11.128030477244835,10,457.0,435.12,444.0,438.48,105.02849788564075,101.25889436234263,3.769603523298116
2026-04-17,53,Leones,Cangrejeros,111,65,36,15,30,33,21,9,3,31,15,86439b52-11ad-11f1-97be-ffcdd9747cbf,https://www.bsnpr.com/partidos/86439b52-11ad-11f1-97be-ffcdd9747cbf,1,95.84,106,92.64,115.81803005008346,114.42141623488774,1.396613815195721,11,466.0,447.71999999999997,460.0,445.68,104.08290896095775,103.2130676718722,0.8698412890855565
2026-04-19,58,Leones,Atleticos,89,61,25,11,19,28,12,4,3,21,10,8658f873-11ad-11f1-8bd6-4155b703e60b,https://www.bsnpr.com/partidos/8658f873-11ad-11f1-8bd6-4155b703e60b,0,83.0,99,80.92,107.2289156626506,122.34305486900642,-15.114139206355816,12,473.0,436.15999999999997,458.0,430.8,108.44644167278064,106.31383472609099,2.1326069466896485
2026-04-24,68,Leones,Capitanes,116,73,37,9,29,45,25,6,3,30,13,8680da06-11ad-11f1-8fb5-d5cee02b1f21,https://www.bsnpr.com/partidos/8680da06-11ad-11f1-8fb5-d5cee02b1f21,1,98.28,108,105.72,118.03011803011803,102.1566401816118,15.873477848506226,13,487.0,444.28,501.0,450.68,109.61555775636987,111.16535013756989,-1.549792381200021
2026-04-26,73,Leones,Santeros,93,63,21,14,15,36,16,2,3,16,6,86882f6e-11ad-11f1-9a64-8702e5a63170,https://www.bsnpr.com/partidos/86882f6e-11ad-11f1-9a64-8702e5a63170,1,86.24,88,80.4,107.83858998144713,109.45273631840796,-1.6141463369608289,14,486.0,444.08,484.0,437.6,109.43974058728158,110.60329067641682,-1.1635500891352422
2026-04-30,80,Leones,Vaqueros,91,60,17,16,14,30,16,4,1,26,11,86751063-11ad-11f1-9518-55946fa5b60f,https://www.bsnpr.com/partidos/86751063-11ad-11f1-9518-55946fa5b60f,0,83.48,94,89.56,109.008145663632,104.95757034390353,4.05057531972848,15,500.0,446.84000000000003,495.0,449.24,111.89687583922657,110.18609206660138,1.7107837726251915
2026-05-02,86,Leones,Cangrejeros,103,71,15,10,9,42,28,2,2,28,16,86726a56-11ad-11f1-977d-23558c6c40c5,https://www.bsnpr.com/partidos/86726a56-11ad-11f1-977d-23558c6c40c5,0,87.6,92,83.48,117.57990867579909,110.20603737422137,7.373871301577722,16,492.0,438.6,481.0,440.08000000000004,112.1751025991792,109.29830939829121,2.876793200887988
2026-05-06,92,Leones,Gigantes,85,54,30,9,19,30,18,6,4,26,10,8685483e-11ad-11f1-a959-156796554d86,https://www.bsnpr.com/partidos/8685483e-11ad-11f1-a959-156796554d86,1,76.2,90,85.16,111.54855643044618,105.68341944574918,5.865136984697003,17,488.0,431.8,472.0,444.32,113.01528485409912,106.22974432841195,6.785540525687168
2026-05-08,98,Leones,Piratas,77,71,17,12,10,43,16,5,0,35,9,86b357fc-11ad-11f1-aafb-db2c1f50ae1f,https://www.bsnpr.com/partidos/86b357fc-11ad-11f1-aafb-db2c1f50ae1f,0,90.48,84,89.64,85.10167992926613,93.70816599732262,-8.606486068056498,18,449.0,424.0,448.0,428.24,105.89622641509433,104.6142350084065,1.2819914066878368
2026-05-13,107,Leones,Santeros,97,65,13,10,10,31,22,1,2,27,13,868f22cf-11ad-11f1-97cf-89591ae60cad,https://www.bsnpr.com/partidos/868f22cf-11ad-11f1-97cf-89591ae60cad,0,80.72,99,86.16,120.16848364717542,114.90250696378831,5.265976683387109,19,453.0,418.48,459.0,434.0,108.24890078378894,105.76036866359448,2.4885321201944635
2026-03-27,7,Mets,Cangrejeros,93,67,16,15,8,37,22,6,1,25,11,8623834f-11ad-11f1-8103-a35e185e00b3,https://www.bsnpr.com/partidos/8623834f-11ad-11f1-8103-a35e185e00b3,0,89.04,88,90.68,104.44743935309972,97.04455227172474,7.402887081374985,1,93.0,89.04,88.0,90.68,104.44743935309972,97.04455227172474,7.402887081374985
2026-03-29,11,Mets,Osos,78,58,30,10,23,29,22,6,1,28,9,8609da1d-11ad-11f1-bd30-1d6150a302d7,https://www.bsnpr.com/partidos/8609da1d-11ad-11f1-bd30-1d6150a302d7,0,81.2,83,81.44,96.05911330049261,101.9155206286837,-5.856407328191082,2,171.0,170.24,171.0,172.12,100.44642857142857,99.34929119219149,1.0971373792370827
2026-04-01,17,Mets,Atleticos,77,68,19,9,12,34,17,6,2,39,11,8624e6ab-11ad-11f1-b7b1-e3311ea6ecd4,https://www.bsnpr.com/partidos/8624e6ab-11ad-11f1-b7b1-e3311ea6ecd4,1,85.36,80,86.8,90.20618556701031,92.16589861751153,-1.9597130505012217,3,248.0,255.60000000000002,251.0,258.92,97.02660406885758,96.94114012050053,0.08546394835704518
2026-04-04,25,Mets,Capitanes,93,74,21,7,12,42,18,6,3,29,9,86242db4-11ad-11f1-a3e2-131d3a9d215b,https://www.bsnpr.com/partidos/86242db4-11ad-11f1-a3e2-131d3a9d215b,1,90.24,91,93.68,103.05851063829788,97.1391972672929,5.919313371004975,4,341.0,345.84000000000003,342.0,352.6,98.60050890585241,96.99376063528076,1.606748270571643
2026-04-06,28,Mets,Piratas,89,75,18,12,9,47,17,6,0,30,10,8621719a-11ad-11f1-b868-5d1967288820,https://www.bsnpr.com/partidos/8621719a-11ad-11f1-b868-5d1967288820,0,94.92,86,89.84,93.76316898440793,95.72573463935886,-1.9625656549509358,5,430.0,440.76,428.0,442.44,97.55876213812506,96.73628062562156,0.8224815125035008
2026-04-09,37,Mets,Atleticos,71,64,11,9,6,28,15,3,2,25,9,862a582f-11ad-11f1-a1ed-71059c049357,https://www.bsnpr.com/partidos/862a582f-11ad-11f1-a1ed-71059c049357,0,77.84,97,77.84,91.21274409044193,124.61459403905447,-33.401849948612536,6,408.0,429.56,437.0,429.6,94.98091069932023,101.72253258845437,-6.741621889134137
2026-04-11,40,Mets,Criollos,78,68,27,17,15,40,14,7,4,28,9,862a8754-11ad-11f1-8b78-8914e662b444,https://www.bsnpr.com/partidos/862a8754-11ad-11f1-8b78-8914e662b444,0,96.88,97,87.6,80.51197357555739,110.73059360730595,-30.218620031748557,7,408.0,445.24,451.0,435.76,91.63597161081664,103.4973379842115,-11.861366373394858
2026-04-13,45,Mets,Criollos,92,77,9,10,4,39,17,3,1,34,14,863f47b0-11ad-11f1-bf06-dd2940ebe4b1,https://www.bsnpr.com/partidos/863f47b0-11ad-11f1-bf06-dd2940ebe4b1,1,90.96,105,94.12,101.14335971855762,111.55971100722482,-10.416351288667201,8,423.0,450.84,476.0,443.08,93.82486026084642,107.4298095152117,-13.60494925436528
2026-04-15,48,Mets,Vaqueros,73,60,28,14,22,37,16,8,0,27,7,866e374d-11ad-11f1-af2e-09eb8b71e85e,https://www.bsnpr.com/partidos/866e374d-11ad-11f1-af2e-09eb8b71e85e,1,86.32,88,80.36,84.56904541241892,109.5072175211548,-24.938172108735884,9,403.0,446.92,473.0,429.76,90.17273785017453,110.0614296351452,-19.888691784970675
2026-04-19,59,Mets,Cangrejeros,94,65,24,14,15,41,24,7,2,21,9,864fdc16-11ad-11f1-840c-ad679f717b9d,https://www.bsnpr.com/partidos/864fdc16-11ad-11f1-840c-ad679f717b9d,0,89.56,91,98.56,104.95757034390353,92.32954545454545,12.628024889358073,10,408.0,441.56,478.0,438.48,92.39967388350394,109.01295384054005,-16.613279957036113
2026-04-21,62,Mets,Indios,102,86,13,11,9,46,22,3,0,34,13,864fe16a-11ad-11f1-80a4-a15879432ab1,https://www.bsnpr.com/partidos/864fe16a-11ad-11f1-80a4-a15879432ab1,0,102.72,113,89.04,99.29906542056075,126.90925426774483,-27.610188847184077,11,439.0,466.43999999999994,494.0,449.68,94.1171426121259,109.85589752713041,-15.738754915004506
2026-04-23,65,Mets,Gigantes,98,66,23,9,18,34,24,8,1,26,10,8656703d-11ad-11f1-b497-efb94fc6f632,https://www.bsnpr.com/partidos/8656703d-11ad-11f1-b497-efb94fc6f632,1,85.12,94,80.96,115.13157894736841,116.10671936758894,-0.9751404202205265,12,459.0,454.67999999999995,491.0,443.04,100.95011876484561,110.82520765619357,-9.875088891347957
2026-04-25,70,Mets,Osos,83,62,33,16,24,38,19,5,0,30,7,865e919a-11ad-11f1-ac6f-37cffa7f1ddf,https://www.bsnpr.com/partidos/865e919a-11ad-11f1-ac6f-37cffa7f1ddf,0,92.52,104,90.8,89.71033290099439,114.53744493392071,-24.827112032926323,13,450.0,456.24,490.0,439.72,98.63229879011047,111.43454925861911,-12.802250468508646
2026-04-28,76,Mets,Cangrejeros,102,72,28,8,20,38,21,8,6,28,12,866026c0-11ad-11f1-ba56-f73844299bd3,https://www.bsnpr.com/partidos/866026c0-11ad-11f1-ba56-f73844299bd3,1,92.32,92,86.6,110.48526863084923,106.23556581986143,4.249702810987799,14,479.0,462.24,494.0,445.96,103.62582208376601,110.77226657099293,-7.1464444872269155
2026-05-04,90,Mets,Osos,108,73,18,6,11,37,29,7,3,25,13,86871537-11ad-11f1-a0dd-eb547bb575be,https://https://www.bsnpr.com/partidos/86871537-11ad-11f1-a0dd-eb547bb575be,1,86.92,90,88.24,124.25218591808559,101.99456029011786,22.257625627967727,15,493.0,459.6,493.0,435.64,107.26718885987815,113.1668350013773,-5.899646141499147
2026-05-07,96,Mets,Vaqueros,90,77,12,8,8,36,24,10,2,28,10,8676763b-11ad-11f1-9b49-5d1967288820,https://www.bsnpr.com/partidos/8676763b-11ad-11f1-9b49-5d1967288820,0,90.28,80,85.92,99.68985378821445,93.10986964618249,6.579984142031961,16,481.0,447.15999999999997,460.0,432.52,107.5677609804097,106.35346342365672,1.2142975567529817
2026-05-09,101,Mets,Gigantes,76,65,22,17,12,34,16,7,2,30,10,868893f2-11ad-11f1-80ba-612cd40bc2cc,https://www.bsnpr.com/partidos/868893f2-11ad-11f1-80ba-612cd40bc2cc,0,91.68,96,88.4,82.89703315881326,108.5972850678733,-25.700251909060043,17,459.0,453.71999999999997,462.0,439.96,101.1637133033589,105.00954632239295,-3.845833019034046
2026-05-13,108,Mets,Osos,88,72,17,4,13,40,25,2,5,29,11,86879ab6-11ad-11f1-a061-ffcdd9747cbf,https://www.bsnpr.com/partidos/86879ab6-11ad-11f1-a061-ffcdd9747cbf,1,83.48,87,84.24,105.41447053186391,103.27635327635328,2.138117255510636,18,464.0,444.68,445.0,433.4,104.34469731042547,102.67651130595294,1.6681860044725312
2026-03-22,2,Osos,Atleticos,92,68,14,16,9,31,23,10,2,33,13,85f9c415-11ad-11f1-8147-995a265266fc,https://www.bsnpr.com/partidos/85f9c415-11ad-11f1-8147-995a265266fc,1,90.16,99,85.56,102.04081632653062,115.70827489481066,-13.66745856828004,1,92.0,90.16,99.0,85.56,102.04081632653062,115.70827489481066,-13.66745856828004
2026-03-25,4,Osos,Vaqueros,71,66,19,8,15,27,10,3,1,20,6,85f746f7-11ad-11f1-962b-1de1a4c7b1f5,https://www.bsnpr.com/partidos/85f746f7-11ad-11f1-962b-1de1a4c7b1f5,1,82.36,73,72.16,86.20689655172414,101.16407982261642,-14.957183270892273,2,163.0,172.51999999999998,172.0,157.72,94.48179921168561,109.05401978189197,-14.572220570206355
2026-03-27,6,Osos,Capitanes,97,69,24,11,16,32,20,4,1,20,9,85feeafb-11ad-11f1-a0e8-bbe7d875458b,https://www.bsnpr.com/partidos/85feeafb-11ad-11f1-a0e8-bbe7d875458b,0,90.56,99,83.36,107.1113074204947,118.76199616122841,-11.650688740733713,3,260.0,263.08,271.0,241.07999999999998,98.82925345902387,112.41081798573089,-13.581564526707012
2026-03-29,11,Osos,Mets,83,58,26,12,19,32,19,6,5,25,8,8609da1d-11ad-11f1-bd30-1d6150a302d7,https://www.bsnpr.com/partidos/8609da1d-11ad-11f1-bd30-1d6150a302d7,1,81.44,78,81.2,101.9155206286837,96.05911330049261,5.856407328191082,4,343.0,344.52,349.0,322.28,99.55880645535818,108.2909271440983,-8.732120688740125
2026-04-01,18,Osos,Gigantes,90,73,13,18,10,40,20,5,3,32,12,86191586-11ad-11f1-a23f-2787b6cf12f3,https://www.bsnpr.com/partidos/86191586-11ad-11f1-a23f-2787b6cf12f3,1,96.72,88,87.68,93.05210918114145,100.36496350364963,-7.312854322508187,5,433.0,441.24,437.0,409.96000000000004,98.13253558154292,106.59576544053077,-8.463229858987845
2026-04-07,31,Osos,Criollos,92,68,16,16,11,34,20,5,4,25,9,865639bd-11ad-11f1-8096-4744e1fa2e9f,https://www.bsnpr.com/partidos/865639bd-11ad-11f1-8096-4744e1fa2e9f,0,91.04,100,94.4,101.05448154657293,105.9322033898305,-4.877721843257575,6,433.0,442.12,438.0,418.8,97.93721161675563,104.58452722063036,-6.6473156038747305
2026-04-09,35,Osos,Vaqueros,85,62,21,16,14,30,20,5,2,28,11,86566245-11ad-11f1-9a0e-df207d29d0b8,https://www.bsnpr.com/partidos/86566245-11ad-11f1-9a0e-df207d29d0b8,0,87.24,77,91.04,97.43237047226043,84.57820738137082,12.854163090889614,7,447.0,447.0,442.0,437.68,100.0,100.98702248217876,-0.9870224821787588
2026-04-12,42,Osos,Leones,105,75,17,11,11,34,30,9,2,30,10,86390da1-11ad-11f1-b95b-857dfec0cf80,https://www.bsnpr.com/partidos/86390da1-11ad-11f1-b95b-857dfec0cf80,1,93.48,94,86.44,112.32349165596919,108.7459509486349,3.5775407073342933,8,455.0,449.92,437.0,440.76000000000005,101.12908961593172,99.14692803339685,1.9821615825348715
2026-04-16,50,Osos,Gigantes,88,65,15,12,8,33,20,2,3,31,12,863a8c15-11ad-11f1-be95-af7d1f9c2528,https://www.bsnpr.com/partidos/863a8c15-11ad-11f1-be95-af7d1f9c2528,1,83.6,95,75.24,105.26315789473685,126.26262626262627,-20.99946836788942,9,460.0,452.08000000000004,454.0,434.80000000000007,101.75190231817376,104.4158233670653,-2.663921048891538
2026-04-18,55,Osos,Vaqueros,91,67,35,10,26,37,18,9,2,22,5,864e92b0-11ad-11f1-a52d-bbe7d875458b,https://www.bsnpr.com/partidos/864e92b0-11ad-11f1-a52d-bbe7d875458b,0,92.4,98,91.12,98.48484848484848,107.55048287971904,-9.065634394870557,10,461.0,447.76,464.0,438.24,102.95694121850991,105.87805768528659,-2.921116466776681
2026-04-23,64,Osos,Santeros,87,66,22,14,15,37,13,8,4,23,6,865458ab-11ad-11f1-a2a1-477d7f231592,https://www.bsnpr.com/partidos/865458ab-11ad-11f1-a2a1-477d7f231592,1,89.68,94,88.92,97.01159678858161,105.71300044984255,-8.70140366126094,11,456.0,446.40000000000003,458.0,432.76,102.1505376344086,105.83233200850356,-3.681794374094963
2026-04-25,70,Osos,Mets,104,71,20,11,15,40,20,9,2,34,15,865e919a-11ad-11f1-ac6f-37cffa7f1ddf,https://www.bsnpr.com/partidos/865e919a-11ad-11f1-ac6f-37cffa7f1ddf,1,90.8,83,92.52,114.53744493392071,89.71033290099439,24.827112032926323,12,475.0,449.96000000000004,464.0,434.24,105.56493910569827,106.85335298452469,-1.2884138788264181
2026-04-28,77,Osos,Indios,100,77,14,8,10,43,19,9,2,32,16,865a5d2c-11ad-11f1-ab23-d9b722cf73d3,https://www.bsnpr.com/partidos/865a5d2c-11ad-11f1-ab23-d9b722cf73d3,1,91.16,88,89.24,109.69723562966213,98.61048857014792,11.08674705951421,13,470.0,447.64,458.0,437.03999999999996,104.99508533643106,104.79589968881568,0.19918564761537993
2026-04-30,81,Osos,Cangrejeros,86,78,25,7,19,46,13,5,2,34,7,86ab3d87-11ad-11f1-aecd-df792945b27e,https://www.bsnpr.com/partidos/86ab3d87-11ad-11f1-aecd-df792945b27e,0,96.0,96,86.24,89.58333333333333,111.31725417439704,-21.733920841063707,14,468.0,460.03999999999996,459.0,448.03999999999996,101.73028432310235,102.44621015980717,-0.7159258367048125
2026-05-02,85,Osos,Vaqueros,70,49,24,9,19,36,15,6,1,25,7,867ad8d5-11ad-11f1-bdba-a35e185e00b3,https://www.bsnpr.com/partidos/867ad8d5-11ad-11f1-bdba-a35e185e00b3,0,68.56,95,88.2,102.10035005834305,107.70975056689342,-5.609400508550365,15,447.0,436.2,456.0,445.11999999999995,102.47592847317745,102.44428468727536,0.031643785902090826
2026-05-04,90,Osos,Mets,90,67,21,12,16,34,18,3,1,32,10,86871537-11ad-11f1-a0dd-eb547bb575be,https://https://www.bsnpr.com/partidos/86871537-11ad-11f1-a0dd-eb547bb575be,0,88.24,108,86.92,101.99456029011786,124.25218591808559,-22.257625627967727,16,450.0,434.76,470.0,443.12,103.50538227987856,106.06607690918938,-2.5606946293108166
2026-05-09,100,Osos,Criollos,94,63,33,12,30,42,18,3,2,31,10,869f6298-11ad-11f1-a484-d5a1c9bc657e,https://www.bsnpr.com/partidos/869f6298-11ad-11f1-a484-d5a1c9bc657e,1,89.52,89,92.12,105.00446827524576,96.61311333043855,8.391354944807205,17,440.0,433.47999999999996,476.0,442.72,101.50410630248224,107.51716660643295,-6.013060303950709
2026-05-11,104,Osos,Atleticos,87,76,23,5,19,35,6,8,0,24,4,8682bdb4-11ad-11f1-b336-1fa49a0dc45e,https://www.bsnpr.com/partidos/8682bdb4-11ad-11f1-b336-1fa49a0dc45e,0,91.12,108,89.16,95.47848990342405,121.13055181695829,-25.65206191353424,18,427.0,433.44,496.0,442.64,98.5142118863049,112.05494306885957,-13.540731182554666
2026-05-13,108,Osos,Mets,87,70,21,5,17,43,18,2,2,34,12,86879ab6-11ad-11f1-a061-ffcdd9747cbf,https://www.bsnpr.com/partidos/86879ab6-11ad-11f1-a061-ffcdd9747cbf,0,84.24,88,83.48,103.27635327635328,105.41447053186391,-2.138117255510636,19,428.0,421.68,488.0,439.88,101.49876683741225,110.93934709466218,-9.440580257249934
2026-03-27,8,Piratas,Vaqueros,67,66,15,14,9,40,15,5,2,23,4,85f1426b-11ad-11f1-968b-2dd284763011,https://www.bsnpr.com/partidos/85f1426b-11ad-11f1-968b-2dd284763011,1,86.6,74,77.48,77.36720554272517,95.50851832731027,-18.141312784585097,1,67.0,86.6,74.0,77.48,77.36720554272517,95.50851832731027,-18.141312784585097
2026-03-30,13,Piratas,Atleticos,73,62,14,15,8,35,17,5,2,25,13,862dcdf9-11ad-11f1-b539-31430745bf20,https://www.bsnpr.com/partidos/862dcdf9-11ad-11f1-b539-31430745bf20,0,83.16,76,88.4,87.78258778258778,85.97285067873302,1.8097371038547578,2,140.0,169.76,150.0,165.88,82.46936852026391,90.4268145647456,-7.957446044481685
2026-04-02,22,Piratas,Capitanes,77,73,11,11,8,37,19,7,1,28,7,862136f7-11ad-11f1-abee-1d38230f517b,https://www.bsnpr.com/partidos/862136f7-11ad-11f1-abee-1d38230f517b,0,88.84,79,87.24,86.67266996848267,90.55479138010088,-3.882121411618215,3,217.0,258.6,229.0,253.12,83.91337973704562,90.4709228824273,-6.557543145381686
2026-04-04,23,Piratas,Leones,90,67,26,7,20,29,22,2,3,23,8,86210c0e-11ad-11f1-a177-877742776877,https://www.bsnpr.com/partidos/86210c0e-11ad-11f1-a177-877742776877,0,85.44,102,83.24,105.3370786516854,122.537241710716,-17.2001630590306,4,307.0,344.03999999999996,331.0,336.36,89.23381002209047,98.40646925912712,-9.172659237036655
2026-04-06,28,Piratas,Mets,86,76,11,9,7,42,24,6,4,32,11,8621719a-11ad-11f1-b868-5d1967288820,https://www.bsnpr.com/partidos/8621719a-11ad-11f1-b868-5d1967288820,1,89.84,89,94.92,95.72573463935886,93.76316898440793,1.9625656549509358,5,393.0,433.88,420.0,431.28,90.57804001106297,97.38452977184197,-6.806489760779002
2026-04-08,34,Piratas,Indios,80,69,18,12,15,32,16,6,1,31,7,8624e467-11ad-11f1-a05d-e7f535a50d90,https://www.bsnpr.com/partidos/8624e467-11ad-11f1-a05d-e7f535a50d90,0,88.92,103,88.32,89.9685110211426,116.62137681159422,-26.652865790451614,6,406.0,436.2,449.0,442.12,93.07657038055937,101.55613860490365,-8.479568224344277
2026-04-10,39,Piratas,Capitanes,95,79,29,18,21,45,17,9,2,27,4,86590748-11ad-11f1-835e-99d0b93e9307,https://www.bsnpr.com/partidos/86590748-11ad-11f1-835e-99d0b93e9307,1,109.76,101,105.8,86.55247813411079,95.46313799621929,-8.910659862108503,7,428.0,462.8,474.0,459.52,92.48055315471045,103.15111420612814,-10.670561051417693
2026-04-12,43,Piratas,Santeros,114,76,29,18,24,45,27,8,1,23,12,863552c5-11ad-11f1-b310-358b94c68f21,https://www.bsnpr.com/partidos/863552c5-11ad-11f1-b310-358b94c68f21,1,106.76,117,115.76,106.78156612963656,101.07118175535591,5.71038437428065,8,465.0,480.72,512.0,488.03999999999996,96.72990514228657,104.90943365297927,-8.179528510692705
2026-04-14,46,Piratas,Gigantes,99,83,20,10,16,45,16,7,2,28,9,86395948-11ad-11f1-9f4c-156796554d86,https://www.bsnpr.com/partidos/86395948-11ad-11f1-9f4c-156796554d86,0,101.8,104,94.12,97.24950884086444,110.49723756906077,-13.247728728196336,9,474.0,497.08,514.0,498.91999999999996,95.3568842037499,103.02252866190973,-7.665644458159832
2026-04-16,51,Piratas,Capitanes,84,66,25,8,20,40,17,3,2,30,8,863a6c5d-11ad-11f1-8591-d7cd8f2e60aa,https://www.bsnpr.com/partidos/863a6c5d-11ad-11f1-8591-d7cd8f2e60aa,0,85.0,86,80.04,98.82352941176471,107.4462768615692,-8.622747449804493,10,472.0,492.24,511.0,484.04,95.88818462538599,105.56978762085778,-9.681602995471792
2026-04-19,57,Piratas,Indios,106,80,28,12,22,41,14,10,1,34,12,864e4b09-11ad-11f1-a1d4-23fcb67dd88e,https://www.bsnpr.com/partidos/864e4b09-11ad-11f1-a1d4-23fcb67dd88e,1,104.32,114,95.72,101.61042944785277,119.09736732135396,-17.48693787350119,11,498.0,507.64,522.0,491.44000000000005,98.10101646836341,106.21846003581311,-8.117443567449698
2026-04-23,66,Piratas,Atleticos,86,76,33,9,17,41,12,7,2,22,3,8685d66b-11ad-11f1-b2e5-b3f4613e539c,https://www.bsnpr.com/partidos/8685d66b-11ad-11f1-b2e5-b3f4613e539c,1,99.52,112,93.04,86.41479099678457,120.37833190025795,-33.96354090347337,12,489.0,497.4,533.0,478.68000000000006,98.3112183353438,111.34787331829196,-13.036654982948164
2026-04-26,72,Piratas,Cangrejeros,96,57,33,17,25,33,21,4,3,17,5,8659e794-11ad-11f1-a157-e36379a4c7db,https://www.bsnpr.com/partidos/8659e794-11ad-11f1-a157-e36379a4c7db,0,88.52,95,88.64,108.45006778129236,107.17509025270758,1.2749775285847846,13,471.0,479.15999999999997,511.0,451.56000000000006,98.2970197846231,113.16325626716271,-14.866236482539605
2026-04-29,79,Piratas,Gigantes,106,80,21,8,17,44,21,5,1,23,9,86730398-11ad-11f1-858d-e3311ea6ecd4,https://www.bsnpr.com/partidos/86730398-11ad-11f1-858d-e3311ea6ecd4,1,97.24,96,93.6,109.00863842040313,102.56410256410257,6.444535856300561,14,478.0,474.59999999999997,503.0,451.04,100.71639275179099,111.52004256828663,-10.803649816495636
2026-05-01,83,Piratas,Atleticos,97,60,25,9,17,30,24,5,1,19,10,86707028-11ad-11f1-80c8-afab8b4d3d04,https://www.bsnpr.com/partidos/86707028-11ad-11f1-80c8-afab8b4d3d04,1,80.0,91,88.68,121.25,102.61614794767704,18.633852052322965,15,491.0,469.59999999999997,508.0,459.68,104.55706984667803,110.51166028541594,-5.95459043873791
2026-05-06,94,Piratas,Indios,83,72,18,12,14,38,14,2,1,22,5,868455a7-11ad-11f1-9986-31430745bf20,https://www.bsnpr.com/partidos/868455a7-11ad-11f1-9986-31430745bf20,0,91.92,113,94.36,90.29590948651001,119.75413310724883,-29.45822362073882,16,468.0,457.2,507.0,458.32,102.36220472440945,110.62139989526968,-8.259195170860224
2026-05-08,98,Piratas,Leones,84,65,31,11,23,45,17,8,4,24,5,86b357fc-11ad-11f1-aafb-db2c1f50ae1f,https://www.bsnpr.com/partidos/86b357fc-11ad-11f1-aafb-db2c1f50ae1f,1,89.64,77,90.48,93.70816599732262,85.10167992926613,8.606486068056498,17,466.0,447.32,472.0,455.76,104.17598140033981,103.56327891872915,0.6127024816106541
2026-05-10,102,Piratas,Santeros,94,70,31,12,20,37,14,7,3,23,6,868946ff-11ad-11f1-85ed-4323a33eb037,https://www.bsnpr.com/partidos/868946ff-11ad-11f1-85ed-4323a33eb037,0,95.64,96,95.44,98.28523630280218,100.58675607711652,-2.301519774314343,18,464.0,454.43999999999994,473.0,462.56,102.10368805562892,102.25700449671393,-0.15331644108501052
2026-05-14,112,Piratas,Criollos,112,87,21,8,11,38,27,6,2,40,15,86b2e27f-11ad-11f1-9ed8-6b426cbdfff1,https://www.bsnpr.com/partidos/86b2e27f-11ad-11f1-9ed8-6b426cbdfff1,1,104.24,119,102.32,107.44435917114352,116.30179827990618,-8.857439108762662,19,470.0,461.44,496.0,471.28000000000003,101.85506241331484,105.24528942454592,-3.390227011231076
2026-03-29,12,Santeros,Capitanes,85,70,14,8,15,27,21,8,0,33,10,85f89be2-11ad-11f1-bc8b-47d6b7c4f300,https://www.bsnpr.com/partidos/85f89be2-11ad-11f1-bc8b-47d6b7c4f300,1,84.16,83,82.92,100.99809885931559,100.0964785335263,0.9016203257892954,1,85.0,84.16,83.0,82.92,100.99809885931559,100.0964785335263,0.9016203257892954
2026-03-31,15,Santeros,Indios,75,72,13,8,10,38,23,8,1,30,11,86148966-11ad-11f1-a992-afab8b4d3d04,https://www.bsnpr.com/partidos/86148966-11ad-11f1-a992-afab8b4d3d04,0,85.72,72,82.48,87.49416705552963,87.29388942774005,0.2002776277895748,2,160.0,169.88,155.0,165.4,94.18412997409936,93.71221281741234,0.4719171566870273
2026-04-02,19,Santeros,Vaqueros,79,64,10,10,7,25,22,7,0,34,12,86479f49-11ad-11f1-9785-4323a33eb037,https://www.bsnpr.com/partidos/86479f49-11ad-11f1-9785-4323a33eb037,0,78.4,96,81.4,100.76530612244898,117.93611793611792,-17.170811813668948,3,239.0,248.28,251.0,246.8,96.26228451748027,101.70178282009724,-5.439498302616968
2026-04-05,27,Santeros,Criollos,107,72,19,12,15,26,24,7,4,31,14,8654032e-11ad-11f1-ac43-199dfc9f8f4d,https://www.bsnpr.com/partidos/8654032e-11ad-11f1-ac43-199dfc9f8f4d,1,92.36,103,98.12,115.85101775660459,104.97350183448837,10.877515922116217,4,346.0,340.64,354.0,344.92,101.5735086895256,102.63249449147628,-1.0589858019506835
2026-04-07,30,Santeros,Vaqueros,88,67,13,13,10,41,24,9,0,35,16,86429bff-11ad-11f1-826e-41819dd183ae,https://www.bsnpr.com/partidos/86429bff-11ad-11f1-826e-41819dd183ae,1,85.72,70,82.0,102.6598226784881,85.36585365853658,17.29396901995152,5,434.0,426.36,424.0,426.92,101.79191293742377,99.31603110653049,2.475881830893286
2026-04-10,38,Santeros,Leones,65,66,11,15,6,32,15,6,1,31,9,864f3a73-11ad-11f1-ba36-93b72c320a3c,https://www.bsnpr.com/partidos/864f3a73-11ad-11f1-ba36-93b72c320a3c,0,85.84,102,90.16,75.72227399813606,113.13220940550134,-37.40993540736528,6,414.0,428.04,443.0,434.15999999999997,96.71993271656854,102.03611571770776,-5.316183001139223
2026-04-12,43,Santeros,Piratas,117,91,29,12,15,48,31,8,2,36,16,863552c5-11ad-11f1-b310-358b94c68f21,https://www.bsnpr.com/partidos/863552c5-11ad-11f1-b310-358b94c68f21,0,115.76,114,106.76,101.07118175535591,106.78156612963656,-5.71038437428065,7,456.0,458.08000000000004,485.0,458.44,99.54593084177435,105.7935607713114,-6.247629929537055
2026-04-15,49,Santeros,Leones,83,63,18,7,13,27,20,5,1,21,6,863d3aa4-11ad-11f1-8bc4-df792945b27e,https://www.bsnpr.com/partidos/863d3aa4-11ad-11f1-8bc4-df792945b27e,1,77.92,77,80.72,106.51950718685832,95.39147670961349,11.128030477244835,8,460.0,457.6,466.0,457.76,100.52447552447552,101.80006990562741,-1.2755943811518904
2026-04-18,54,Santeros,Capitanes,90,72,7,15,6,33,20,8,3,27,12,86439958-11ad-11f1-bbd5-995a265266fc,https://www.bsnpr.com/partidos/86439958-11ad-11f1-bbd5-995a265266fc,1,90.08,95,87.36,99.91119005328596,108.74542124542124,-8.834231192135277,9,443.0,455.32000000000005,458.0,447.0,97.29421066502678,102.46085011185683,-5.166639446830047
2026-04-23,64,Santeros,Osos,94,70,18,11,10,34,27,6,1,19,10,865458ab-11ad-11f1-a2a1-477d7f231592,https://www.bsnpr.com/partidos/865458ab-11ad-11f1-a2a1-477d7f231592,0,88.92,87,89.68,105.71300044984255,97.01159678858161,8.70140366126094,10,449.0,458.52,475.0,454.68,97.9237546889994,104.46907715316266,-6.545322464163263
2026-04-26,73,Santeros,Leones,88,71,10,5,9,27,22,8,0,31,11,86882f6e-11ad-11f1-9a64-8702e5a63170,https://www.bsnpr.com/partidos/86882f6e-11ad-11f1-9a64-8702e5a63170,0,80.4,93,86.24,109.45273631840796,107.83858998144713,1.6141463369608289,11,472.0,453.08000000000004,466.0,450.76,104.17586298225478,103.38095660661993,0.7949063756348522
2026-04-29,78,Santeros,Atleticos,84,70,24,12,17,34,22,9,0,28,7,86622cd4-11ad-11f1-83e6-9d6edb41a1c6,https://www.bsnpr.com/partidos/86622cd4-11ad-11f1-83e6-9d6edb41a1c6,0,92.56,81,86.48,90.75194468452895,93.66327474560592,-2.911330061076967,12,439.0,429.88000000000005,433.0,430.48,102.1215222852889,100.58539304961903,1.5361292356698755
2026-05-01,82,Santeros,Indios,82,73,11,13,8,30,16,8,0,25,8,8671d3b8-11ad-11f1-a664-5bf5d13ed065,https://www.bsnpr.com/partidos/8671d3b8-11ad-11f1-a664-5bf5d13ed065,1,90.84,85,89.0,90.26860413914575,95.50561797752809,-5.237013838382339,13,438.0,442.8,441.0,438.76,98.9159891598916,100.51052967453734,-1.5945405146457432
2026-05-03,87,Santeros,Gigantes,69,62,9,17,5,34,24,5,5,26,6,86852177-11ad-11f1-9a37-b9b1c1d0893a,https://www.bsnpr.com/partidos/86852177-11ad-11f1-9a37-b9b1c1d0893a,0,82.96,98,94.56,83.17261330761814,103.63790186125212,-20.465288553633982,14,417.0,435.68000000000006,444.0,445.96000000000004,95.71244950422327,99.56049869943492,-3.848049195211644
2026-05-06,93,Santeros,Atleticos,76,64,22,9,14,37,13,7,3,29,8,867bbc1c-11ad-11f1-9b74-1d38230f517b,https://www.bsnpr.com/partidos/867bbc1c-11ad-11f1-9b74-1d38230f517b,0,82.68,81,86.24,91.9206579583938,93.9239332096475,-2.0032752512536973,15,399.0,429.44000000000005,438.0,442.52,92.91169895678091,98.9785772394468,-6.066878282665897
2026-05-08,97,Santeros,Capitanes,81,72,20,12,16,49,21,5,0,29,9,86a705ce-11ad-11f1-a291-2dd284763011,https://www.bsnpr.com/partidos/86a705ce-11ad-11f1-a291-2dd284763011,0,92.8,92,85.92,87.2844827586207,107.07635009310987,-19.79186733448917,16,392.0,441.84,437.0,442.2,88.71989860583017,98.82406151062868,-10.104162904798514
2026-05-10,102,Santeros,Piratas,96,67,26,17,20,40,23,6,3,32,10,868946ff-11ad-11f1-85ed-4323a33eb037,https://www.bsnpr.com/partidos/868946ff-11ad-11f1-85ed-4323a33eb037,1,95.44,94,95.64,100.58675607711652,98.28523630280218,2.301519774314343,17,404.0,444.71999999999997,450.0,451.36,90.84367692030942,99.69868840836583,-8.855011488056405
2026-05-13,107,Santeros,Leones,99,77,14,3,12,36,25,5,3,27,9,868f22cf-11ad-11f1-97cf-89591ae60cad,https://www.bsnpr.com/partidos/868f22cf-11ad-11f1-97cf-89591ae60cad,1,86.16,97,80.72,114.90250696378831,120.16848364717542,-5.265976683387109,18,421.0,440.04,462.0,443.08000000000004,95.67312062539769,104.27010923535252,-8.596988609954835
2026-03-22,3,Vaqueros,Cangrejeros,77,70,25,9,18,39,14,9,3,25,7,85ef13da-11ad-11f1-8182-857dfec0cf80,https://www.bsnpr.com/partidos/85ef13da-11ad-11f1-8182-857dfec0cf80,1,90.0,78,89.8,85.55555555555556,86.8596881959911,-1.3041326404355402,1,77.0,90.0,78.0,89.8,85.55555555555556,86.8596881959911,-1.3041326404355402
2026-03-25,4,Vaqueros,Osos,73,57,14,9,12,34,20,7,1,19,7,85f746f7-11ad-11f1-962b-1de1a4c7b1f5,https://www.bsnpr.com/partidos/85f746f7-11ad-11f1-962b-1de1a4c7b1f5,0,72.16,71,82.36,101.16407982261642,86.20689655172414,14.957183270892273,2,150.0,162.16,149.0,172.16,92.501233349778,86.54739776951673,5.95383558026127
2026-03-27,8,Vaqueros,Piratas,74,61,17,9,11,30,13,9,6,22,7,85f1426b-11ad-11f1-968b-2dd284763011,https://www.bsnpr.com/partidos/85f1426b-11ad-11f1-968b-2dd284763011,0,77.48,67,86.6,95.50851832731027,77.36720554272517,18.141312784585097,3,224.0,239.64,216.0,258.76,93.47354364880655,83.4750347812645,9.998508867542057
2026-04-02,19,Vaqueros,Santeros,96,67,10,10,10,32,30,8,1,23,10,86479f49-11ad-11f1-9785-4323a33eb037,https://www.bsnpr.com/partidos/86479f49-11ad-11f1-9785-4323a33eb037,1,81.4,79,78.4,117.93611793611792,100.76530612244898,17.170811813668948,4,320.0,321.04,295.0,337.15999999999997,99.67605282830799,87.49555107367422,12.180501754633767
2026-04-04,24,Vaqueros,Indios,86,75,22,9,12,39,20,10,5,24,6,8621512f-11ad-11f1-b818-23558c6c40c5,https://www.bsnpr.com/partidos/8621512f-11ad-11f1-b818-23558c6c40c5,0,93.68,79,84.2,91.80187873612296,93.82422802850355,-2.0223492923805964,5,406.0,414.72,374.0,421.36,97.89737654320987,88.76020505031327,9.137171492896599
2026-04-07,30,Vaqueros,Santeros,70,57,25,14,15,33,21,8,3,15,5,86429bff-11ad-11f1-826e-41819dd183ae,https://www.bsnpr.com/partidos/86429bff-11ad-11f1-826e-41819dd183ae,0,82.0,88,85.72,85.36585365853658,102.6598226784881,-17.29396901995152,6,399.0,406.72,384.0,417.28,98.10188827694728,92.02453987730063,6.077348399646652
2026-04-09,35,Vaqueros,Osos,77,71,16,13,10,33,13,6,5,23,7,86566245-11ad-11f1-9a0e-df207d29d0b8,https://www.bsnpr.com/partidos/86566245-11ad-11f1-9a0e-df207d29d0b8,1,91.04,85,87.24,84.57820738137082,97.43237047226043,-12.854163090889614,7,403.0,425.6,398.0,422.15999999999997,94.68984962406014,94.27705135493652,0.41279826912362694
2026-04-11,41,Vaqueros,Gigantes,76,65,8,9,4,32,24,6,4,32,12,863865c1-11ad-11f1-bb5f-91a4423972e2,https://www.bsnpr.com/partidos/863865c1-11ad-11f1-bb5f-91a4423972e2,0,77.52,77,80.24,98.03921568627452,95.96211365902293,2.077102027251584,8,405.0,425.64000000000004,408.0,415.8,95.15083168875105,98.12409812409813,-2.973266435347071
2026-04-13,44,Vaqueros,Indios,100,64,19,11,13,35,22,7,1,28,13,863b0f76-11ad-11f1-943f-4b3f6b4bbfa6,https://www.bsnpr.com/partidos/863b0f76-11ad-11f1-943f-4b3f6b4bbfa6,1,83.36,85,80.12,119.9616122840691,106.09086370444332,13.870748579625783,9,409.0,427.6,414.0,417.52,95.65014031805426,99.15692661429394,-3.5067862962396816
2026-04-15,48,Vaqueros,Mets,88,61,19,11,15,33,26,8,7,21,9,866e374d-11ad-11f1-af2e-09eb8b71e85e,https://www.bsnpr.com/partidos/866e374d-11ad-11f1-af2e-09eb8b71e85e,0,80.36,73,86.32,109.5072175211548,84.56904541241892,24.938172108735884,10,411.0,414.28,408.0,419.64,99.20826494158541,97.22619388046898,1.9820710611164287
2026-04-18,55,Vaqueros,Osos,98,67,23,14,17,38,27,6,2,24,9,864e92b0-11ad-11f1-a52d-bbe7d875458b,https://www.bsnpr.com/partidos/864e92b0-11ad-11f1-a52d-bbe7d875458b,1,91.12,91,92.4,107.55048287971904,98.48484848484848,9.065634394870557,11,439.0,423.4,411.0,426.32,103.68445914029287,96.40645524488647,7.2780038954064
2026-04-20,60,Vaqueros,Gigantes,113,80,20,8,12,53,34,8,3,34,15,8650efa4-11ad-11f1-8d14-5951d88c630a,https://www.bsnpr.com/partidos/8650efa4-11ad-11f1-8d14-5951d88c630a,1,96.8,82,93.8,116.73553719008265,87.42004264392324,29.315494546159414,12,475.0,429.16,408.0,432.88,110.6813309721316,94.25244871557938,16.428882256552228
2026-04-22,63,Vaqueros,Cangrejeros,94,62,29,12,24,30,17,7,0,16,2,8689c89c-11ad-11f1-924e-39ca5aa49c56,https://www.bsnpr.com/partidos/8689c89c-11ad-11f1-924e-39ca5aa49c56,0,86.76,110,97.8,108.34485938220378,112.47443762781187,-4.129578245608087,13,493.0,438.4,441.0,450.44,112.4543795620438,97.904271379096,14.550108182947795
2026-04-24,69,Vaqueros,Cangrejeros,109,76,15,12,8,45,27,8,7,25,11,868180d9-11ad-11f1-be6c-bbd82d502d3a,https://www.bsnpr.com/partidos/868180d9-11ad-11f1-be6c-bbd82d502d3a,1,94.6,87,98.8,115.22198731501058,88.05668016194332,27.16530715306726,14,502.0,449.64,443.0,469.12,111.64487145271774,94.43212824010914,17.2127432126086
2026-04-27,75,Vaqueros,Criollos,90,72,25,13,18,44,24,7,4,26,8,8662b2b9-11ad-11f1-a939-e735d77315f0,https://www.bsnpr.com/partidos/8662b2b9-11ad-11f1-a939-e735d77315f0,0,96.0,96,99.64,93.75,96.34684865515857,-2.596848655158567,15,504.0,465.28000000000003,466.0,482.44,108.32187070151306,96.5923223613299,11.729548340183158
2026-04-30,80,Vaqueros,Leones,94,67,24,12,18,35,20,10,7,24,10,86751063-11ad-11f1-9518-55946fa5b60f,https://www.bsnpr.com/partidos/86751063-11ad-11f1-9518-55946fa5b60f,1,89.56,91,83.48,104.95757034390353,109.008145663632,-4.05057531972848,16,500.0,463.72,466.0,473.52,107.8236867074959,98.41189390099679,9.411792806499108
2026-05-02,85,Vaqueros,Osos,95,67,30,8,19,30,27,13,2,26,10,867ad8d5-11ad-11f1-bdba-a35e185e00b3,https://www.bsnpr.com/partidos/867ad8d5-11ad-11f1-bdba-a35e185e00b3,1,88.2,70,68.56,107.70975056689342,102.10035005834305,5.609400508550365,17,482.0,455.12,454.0,448.28,105.9061346458077,101.2759882216472,4.6301464241605
2026-05-05,91,Vaqueros,Criollos,99,85,27,7,22,44,19,11,4,29,7,8685de05-11ad-11f1-affa-995a265266fc,https://www.bsnpr.com/partidos/8685de05-11ad-11f1-affa-995a265266fc,0,103.88,100,99.16,95.30227185213708,100.8471157724889,-5.544843920351823,18,487.0,472.24,444.0,449.64,103.12552939183466,98.74566319722445,4.379866194610216
2026-05-07,96,Vaqueros,Mets,80,65,18,13,12,40,25,5,4,19,4,8676763b-11ad-11f1-9b49-5d1967288820,https://www.bsnpr.com/partidos/8676763b-11ad-11f1-9b49-5d1967288820,1,85.92,90,90.28,93.10986964618249,99.68985378821445,-6.579984142031961,19,458.0,463.56,447.0,441.12,98.80058676331004,101.3329706202394,-2.532383856929357
2026-05-10,103,Vaqueros,Cangrejeros,82,69,33,6,22,43,22,10,4,18,4,869f3afa-11ad-11f1-a593-13db03274e03,https://www.bsnpr.com/partidos/869f3afa-11ad-11f1-a593-13db03274e03,0,89.52,80,91.12,91.59964253798034,87.79631255487269,3.803329983107659,20,450.0,457.08,431.0,432.6,98.45103701758993,99.6301433194637,-1.179106301873773
2026-05-12,106,Vaqueros,Criollos,107,83,14,12,12,50,32,13,4,36,15,8686ea5e-11ad-11f1-a480-af7d1f9c2528,https://www.bsnpr.com/partidos/8686ea5e-11ad-11f1-a480-af7d1f9c2528,1,101.16,80,98.12,105.77303281929616,81.53281695882592,24.240215860470244,21,463.0,468.67999999999995,420.0,447.24,98.78808568746267,93.90931043734908,4.878775250113591
2026-05-14,110,Vaqueros,Atleticos,71,68,17,6,11,27,17,10,1,22,4,86a6584c-11ad-11f1-aac9-99d0b93e9307,https://www.bsnpr.com/partidos/86a6584c-11ad-11f1-aac9-99d0b93e9307,0,81.48,94,88.8,87.13794796269022,105.85585585585586,-18.717907893165645,22,439.0,461.96,444.0,467.48,95.0298727162525,94.97732523316505,0.052547483087451496
